year,country_code,country_code_letter,export_code,export_name,dollar_value
2013,533,ABW,10,Cereals,1362
2014,533,ABW,10,Cereals,11244
2016,533,ABW,10,Cereals,620102.47
2017,533,ABW,10,Cereals,251573.735
2018,533,ABW,10,Cereals,315.642
2019,533,ABW,10,Cereals,731.285
2020,533,ABW,10,Cereals,563.128
2021,533,ABW,10,Cereals,32073.184
2022,533,ABW,10,Cereals,39857.541
2023,533,ABW,10,Cereals,11284.916
2015,4,AFG,10,Cereals,45161
2016,4,AFG,10,Cereals,33894919
2017,4,AFG,10,Cereals,1628894.78
2018,4,AFG,10,Cereals,8968750.97
2019,4,AFG,10,Cereals,8780682.05
2015,24,AGO,10,Cereals,17154940.42
2016,24,AGO,10,Cereals,728599.77
2017,24,AGO,10,Cereals,17992.24
2018,24,AGO,10,Cereals,375799.45
2019,24,AGO,10,Cereals,2155134.101
2020,24,AGO,10,Cereals,336305.786
2021,24,AGO,10,Cereals,48701.778
2022,24,AGO,10,Cereals,194006.533
2023,24,AGO,10,Cereals,313757.848
2013,8,ALB,10,Cereals,96542
2014,8,ALB,10,Cereals,33896
2015,8,ALB,10,Cereals,57684
2016,8,ALB,10,Cereals,253855
2017,8,ALB,10,Cereals,214034.903
2018,8,ALB,10,Cereals,82716.34
2019,8,ALB,10,Cereals,345774.835
2020,8,ALB,10,Cereals,196974.689
2021,8,ALB,10,Cereals,57325.072
2022,8,ALB,10,Cereals,2037348.462
2023,8,ALB,10,Cereals,256605.466
2016,20,AND,10,Cereals,11.069
2013,784,ARE,10,Cereals,219395589.2
2014,784,ARE,10,Cereals,231891984.3
2015,784,ARE,10,Cereals,517311568.9
2016,784,ARE,10,Cereals,515424920.1
2017,784,ARE,10,Cereals,336954791.9
2018,784,ARE,10,Cereals,344061665
2019,784,ARE,10,Cereals,167170888.2
2020,784,ARE,10,Cereals,134968900.2
2021,784,ARE,10,Cereals,140663976
2022,784,ARE,10,Cereals,252644810.2
2023,784,ARE,10,Cereals,140212808.7
2013,32,ARG,10,Cereals,8312032969
2014,32,ARG,10,Cereals,5237135904
2015,32,ARG,10,Cereals,4842054200
2016,32,ARG,10,Cereals,6975858500
2017,32,ARG,10,Cereals,6966154278
2018,32,ARG,10,Cereals,7537978796
2019,32,ARG,10,Cereals,9314415388
2020,32,ARG,10,Cereals,8970133975
2021,32,ARG,10,Cereals,12795446484
2022,32,ARG,10,Cereals,15462254300
2023,32,ARG,10,Cereals,8618150421
2014,51,ARM,10,Cereals,83872
2015,51,ARM,10,Cereals,194578
2016,51,ARM,10,Cereals,5849
2017,51,ARM,10,Cereals,18536.22
2018,51,ARM,10,Cereals,5348.15
2019,51,ARM,10,Cereals,13039.78
2020,51,ARM,10,Cereals,40053.76
2021,51,ARM,10,Cereals,601415.35
2022,51,ARM,10,Cereals,746263.87
2023,51,ARM,10,Cereals,92882.8
2016,28,ATG,10,Cereals,3430
2017,28,ATG,10,Cereals,123.955
2019,28,ATG,10,Cereals,263.041
2020,28,ATG,10,Cereals,240.741
2013,36,AUS,10,Cereals,8047797639
2014,36,AUS,10,Cereals,7427763727
2015,36,AUS,10,Cereals,6427636896
2016,36,AUS,10,Cereals,5097736255
2017,36,AUS,10,Cereals,6548039774
2018,36,AUS,10,Cereals,4813941893
2019,36,AUS,10,Cereals,3405159335
2020,36,AUS,10,Cereals,3751740937
2021,36,AUS,10,Cereals,9825745282
2022,36,AUS,10,Cereals,13499420170
2023,36,AUS,10,Cereals,12863411422
2013,40,AUT,10,Cereals,512666793
2014,40,AUT,10,Cereals,540749678
2015,40,AUT,10,Cereals,409609075
2016,40,AUT,10,Cereals,416298360.8
2017,40,AUT,10,Cereals,450682204.5
2018,40,AUT,10,Cereals,433118479.5
2019,40,AUT,10,Cereals,466841023.6
2020,40,AUT,10,Cereals,528509108.1
2021,40,AUT,10,Cereals,599202159.6
2022,40,AUT,10,Cereals,708493415
2023,40,AUT,10,Cereals,675944966.9
2013,31,AZE,10,Cereals,10577
2014,31,AZE,10,Cereals,20477
2015,31,AZE,10,Cereals,61264.38
2016,31,AZE,10,Cereals,2618718.72
2017,31,AZE,10,Cereals,11941.07
2018,31,AZE,10,Cereals,7802757.21
2019,31,AZE,10,Cereals,3038098.37
2020,31,AZE,10,Cereals,35356.89
2021,31,AZE,10,Cereals,9842050.56
2022,31,AZE,10,Cereals,3724340.88
2023,31,AZE,10,Cereals,454346.35
2013,108,BDI,10,Cereals,616
2014,108,BDI,10,Cereals,179597
2015,108,BDI,10,Cereals,16118
2016,108,BDI,10,Cereals,2416
2018,108,BDI,10,Cereals,197435.818
2019,108,BDI,10,Cereals,6413.089
2020,108,BDI,10,Cereals,3039.088
2021,108,BDI,10,Cereals,2363.29
2022,108,BDI,10,Cereals,2688.32
2013,56,BEL,10,Cereals,566317789.6
2014,56,BEL,10,Cereals,578965834.1
2015,56,BEL,10,Cereals,487781707.2
2016,56,BEL,10,Cereals,458380913.4
2017,56,BEL,10,Cereals,484642495.5
2018,56,BEL,10,Cereals,598523767.2
2019,56,BEL,10,Cereals,500465607.7
2020,56,BEL,10,Cereals,577271404.4
2021,56,BEL,10,Cereals,603704886.2
2022,56,BEL,10,Cereals,582921801.7
2023,56,BEL,10,Cereals,517818410.8
2013,204,BEN,10,Cereals,14950602
2014,204,BEN,10,Cereals,7813805
2015,204,BEN,10,Cereals,183437.534
2016,204,BEN,10,Cereals,52019.863
2017,204,BEN,10,Cereals,45552.271
2018,204,BEN,10,Cereals,210309.671
2019,204,BEN,10,Cereals,524562.939
2020,204,BEN,10,Cereals,187135.5
2021,204,BEN,10,Cereals,237427.646
2022,204,BEN,10,Cereals,1108215.478
2023,204,BEN,10,Cereals,3760034.421
2013,854,BFA,10,Cereals,9664157.59
2014,854,BFA,10,Cereals,15345508.18
2015,854,BFA,10,Cereals,12898489.03
2016,854,BFA,10,Cereals,5126126
2017,854,BFA,10,Cereals,17833129.19
2018,854,BFA,10,Cereals,2963431.509
2019,854,BFA,10,Cereals,8152247.834
2020,854,BFA,10,Cereals,27933607.12
2021,854,BFA,10,Cereals,3969400.881
2022,854,BFA,10,Cereals,260329.923
2023,854,BFA,10,Cereals,1858266.765
2013,50,BGD,10,Cereals,3772745
2015,50,BGD,10,Cereals,6048132
2013,100,BGR,10,Cereals,1579626206
2014,100,BGR,10,Cereals,1231610943
2015,100,BGR,10,Cereals,973494673
2016,100,BGR,10,Cereals,1140768052
2017,100,BGR,10,Cereals,1055763647
2018,100,BGR,10,Cereals,1226417494
2019,100,BGR,10,Cereals,1515460212
2020,100,BGR,10,Cereals,1335207708
2021,100,BGR,10,Cereals,1979647950
2022,100,BGR,10,Cereals,1979038854
2023,100,BGR,10,Cereals,2300940796
2013,48,BHR,10,Cereals,582784
2014,48,BHR,10,Cereals,441510
2015,48,BHR,10,Cereals,1148684.054
2016,48,BHR,10,Cereals,905951.111
2017,48,BHR,10,Cereals,449721.638
2018,48,BHR,10,Cereals,754006.526
2019,48,BHR,10,Cereals,1074210.56
2020,48,BHR,10,Cereals,5159007.36
2021,48,BHR,10,Cereals,1307924.703
2022,48,BHR,10,Cereals,1837986.776
2023,48,BHR,10,Cereals,601601.905
2013,44,BHS,10,Cereals,98621
2014,44,BHS,10,Cereals,4150
2015,44,BHS,10,Cereals,26659
2016,44,BHS,10,Cereals,870
2017,44,BHS,10,Cereals,221
2018,44,BHS,10,Cereals,995.95
2019,44,BHS,10,Cereals,26377.907
2021,44,BHS,10,Cereals,30
2022,44,BHS,10,Cereals,600
2023,44,BHS,10,Cereals,1805
2013,70,BIH,10,Cereals,13782464
2014,70,BIH,10,Cereals,24843997
2015,70,BIH,10,Cereals,19509582
2016,70,BIH,10,Cereals,29366484
2017,70,BIH,10,Cereals,14200145.9
2018,70,BIH,10,Cereals,14234400.79
2019,70,BIH,10,Cereals,5975849.64
2020,70,BIH,10,Cereals,10547872.76
2021,70,BIH,10,Cereals,14483277.6
2022,70,BIH,10,Cereals,9124707.23
2023,70,BIH,10,Cereals,8770907.998
2013,112,BLR,10,Cereals,1191300
2014,112,BLR,10,Cereals,1033300
2015,112,BLR,10,Cereals,7331000
2016,112,BLR,10,Cereals,22673400
2017,112,BLR,10,Cereals,461000
2018,112,BLR,10,Cereals,2621400
2019,112,BLR,10,Cereals,2855200
2020,112,BLR,10,Cereals,16112800
2021,112,BLR,10,Cereals,27119800
2013,84,BLZ,10,Cereals,784331
2014,84,BLZ,10,Cereals,27738
2015,84,BLZ,10,Cereals,84440
2016,84,BLZ,10,Cereals,1267786
2017,84,BLZ,10,Cereals,2781986
2018,84,BLZ,10,Cereals,2566439.26
2019,84,BLZ,10,Cereals,938702.595
2020,84,BLZ,10,Cereals,730745.94
2021,84,BLZ,10,Cereals,1528565.98
2022,84,BLZ,10,Cereals,2790360.85
2023,84,BLZ,10,Cereals,1661681.92
2013,60,BMU,10,Cereals,596
2014,60,BMU,10,Cereals,251
2015,60,BMU,10,Cereals,973
2016,60,BMU,10,Cereals,564
2017,60,BMU,10,Cereals,1292.24
2018,60,BMU,10,Cereals,1019.23
2019,60,BMU,10,Cereals,1803.98
2020,60,BMU,10,Cereals,345.88
2021,60,BMU,10,Cereals,127.9
2022,60,BMU,10,Cereals,2683.6
2013,68,BOL,10,Cereals,171708121.7
2014,68,BOL,10,Cereals,205130271.3
2015,68,BOL,10,Cereals,136732585.3
2016,68,BOL,10,Cereals,91179488.15
2017,68,BOL,10,Cereals,84638332.74
2018,68,BOL,10,Cereals,90069157.19
2019,68,BOL,10,Cereals,99407409.95
2020,68,BOL,10,Cereals,106092097
2021,68,BOL,10,Cereals,85575394.08
2022,68,BOL,10,Cereals,53898652.8
2023,68,BOL,10,Cereals,61683073.1
2013,76,BRA,10,Cereals,7067907695
2014,76,BRA,10,Cereals,4437758891
2015,76,BRA,10,Cereals,5724747542
2016,76,BRA,10,Cereals,4109623784
2017,76,BRA,10,Cereals,4980607185
2018,76,BRA,10,Cereals,4503645570
2019,76,BRA,10,Cereals,7783184371
2020,76,BRA,10,Cereals,6473741436
2021,76,BRA,10,Cereals,4834554641
2022,76,BRA,10,Cereals,13896847184
2023,76,BRA,10,Cereals,14975111759
2024,76,BRA,10,Cereals,9397882039
2013,52,BRB,10,Cereals,114495
2014,52,BRB,10,Cereals,42293
2015,52,BRB,10,Cereals,13181
2016,52,BRB,10,Cereals,9835
2017,52,BRB,10,Cereals,17559.5
2018,52,BRB,10,Cereals,12560
2019,52,BRB,10,Cereals,42854
2020,52,BRB,10,Cereals,23117
2021,52,BRB,10,Cereals,65391.5
2022,52,BRB,10,Cereals,50638.5
2023,52,BRB,10,Cereals,48602
2013,96,BRN,10,Cereals,1135
2014,96,BRN,10,Cereals,8165
2015,96,BRN,10,Cereals,5294
2016,96,BRN,10,Cereals,55988
2017,96,BRN,10,Cereals,148783.129
2018,96,BRN,10,Cereals,1879229.12
2019,96,BRN,10,Cereals,188953.41
2020,96,BRN,10,Cereals,35899.74
2021,96,BRN,10,Cereals,241610.01
2022,96,BRN,10,Cereals,2768.108
2023,96,BRN,10,Cereals,249323.612
2013,72,BWA,10,Cereals,17128590.68
2014,72,BWA,10,Cereals,655701.209
2015,72,BWA,10,Cereals,496156.051
2016,72,BWA,10,Cereals,1104526
2017,72,BWA,10,Cereals,1058212.791
2018,72,BWA,10,Cereals,1373789.932
2019,72,BWA,10,Cereals,1098427.979
2020,72,BWA,10,Cereals,1765135.603
2021,72,BWA,10,Cereals,3063563.035
2022,72,BWA,10,Cereals,1903579.352
2023,72,BWA,10,Cereals,839478.162
2015,140,CAF,10,Cereals,256296
2013,124,CAN,10,Cereals,8072446257
2014,124,CAN,10,Cereals,8753949989
2015,124,CAN,10,Cereals,7335450157
2016,124,CAN,10,Cereals,5620629965
2017,124,CAN,10,Cereals,6276488746
2018,124,CAN,10,Cereals,7191924534
2019,124,CAN,10,Cereals,6728156563
2020,124,CAN,10,Cereals,7782295354
2021,124,CAN,10,Cereals,8702794424
2022,124,CAN,10,Cereals,10164285233
2023,124,CAN,10,Cereals,11212703553
2013,757,CHE,10,Cereals,3017179.76
2014,757,CHE,10,Cereals,6252776.557
2015,757,CHE,10,Cereals,5458396.998
2016,757,CHE,10,Cereals,8221159.861
2017,757,CHE,10,Cereals,5679174.618
2018,757,CHE,10,Cereals,7834289.411
2019,757,CHE,10,Cereals,10324029.68
2020,757,CHE,10,Cereals,10099955.88
2021,757,CHE,10,Cereals,7618743.445
2022,757,CHE,10,Cereals,6490498.194
2023,757,CHE,10,Cereals,6235697.441
2013,152,CHL,10,Cereals,389822697.4
2014,152,CHL,10,Cereals,302831529.6
2015,152,CHL,10,Cereals,114809373.5
2016,152,CHL,10,Cereals,91909707.28
2017,152,CHL,10,Cereals,93703259.63
2018,152,CHL,10,Cereals,103112581.3
2019,152,CHL,10,Cereals,73831388.78
2020,152,CHL,10,Cereals,108308342.1
2021,152,CHL,10,Cereals,103268994
2022,152,CHL,10,Cereals,110645073.4
2023,152,CHL,10,Cereals,90365482.67
2013,156,CHN,10,Cereals,513962087
2014,156,CHN,10,Cereals,445421184
2015,156,CHN,10,Cereals,321808151
2016,156,CHN,10,Cereals,429187889
2017,156,CHN,10,Cereals,669755860
2018,156,CHN,10,Cereals,950073905
2019,156,CHN,10,Cereals,1120943611
2020,156,CHN,10,Cereals,959662739
2021,156,CHN,10,Cereals,1076267931
2022,156,CHN,10,Cereals,1070328055
2023,156,CHN,10,Cereals,1027506075
2013,384,CIV,10,Cereals,17072057.96
2014,384,CIV,10,Cereals,19700832.35
2015,384,CIV,10,Cereals,9457927.243
2016,384,CIV,10,Cereals,11184190.84
2017,384,CIV,10,Cereals,22637323.38
2018,384,CIV,10,Cereals,6929312.526
2019,384,CIV,10,Cereals,10979373.78
2020,384,CIV,10,Cereals,20198542.14
2021,384,CIV,10,Cereals,17528853.1
2022,384,CIV,10,Cereals,24840402.32
2023,384,CIV,10,Cereals,21190081.18
2013,120,CMR,10,Cereals,1989124
2014,120,CMR,10,Cereals,4273568
2015,120,CMR,10,Cereals,6885876
2016,120,CMR,10,Cereals,7025412
2017,120,CMR,10,Cereals,9018602.221
2018,120,CMR,10,Cereals,18468509.3
2019,120,CMR,10,Cereals,10225655.37
2020,120,CMR,10,Cereals,10102214.65
2021,120,CMR,10,Cereals,19609241.77
2015,180,COD,10,Cereals,36951.761
2016,180,COD,10,Cereals,128006.443
2017,180,COD,10,Cereals,1240875.545
2018,180,COD,10,Cereals,91396.438
2019,180,COD,10,Cereals,229818.215
2020,180,COD,10,Cereals,67522.795
2021,180,COD,10,Cereals,1278.549
2022,180,COD,10,Cereals,2548.111
2014,178,COG,10,Cereals,652.412
2016,178,COG,10,Cereals,42175.25
2018,178,COG,10,Cereals,146080.975
2019,178,COG,10,Cereals,46090.514
2020,178,COG,10,Cereals,570879.1
2021,178,COG,10,Cereals,5773.59
2022,178,COG,10,Cereals,23372.481
2013,170,COL,10,Cereals,11750668
2014,170,COL,10,Cereals,21911137
2015,170,COL,10,Cereals,16402037
2016,170,COL,10,Cereals,15048276
2017,170,COL,10,Cereals,6094369.44
2018,170,COL,10,Cereals,3650500.32
2019,170,COL,10,Cereals,4144877.18
2020,170,COL,10,Cereals,5139389.01
2021,170,COL,10,Cereals,6034300.68
2022,170,COL,10,Cereals,3360785.44
2023,170,COL,10,Cereals,3491155.53
2017,132,CPV,10,Cereals,25.722
2019,132,CPV,10,Cereals,146014.628
2021,132,CPV,10,Cereals,20439.238
2022,132,CPV,10,Cereals,16846.615
2023,132,CPV,10,Cereals,32861.656
2013,188,CRI,10,Cereals,1759714
2014,188,CRI,10,Cereals,2207919
2015,188,CRI,10,Cereals,2165202
2016,188,CRI,10,Cereals,2906762
2017,188,CRI,10,Cereals,3239131.768
2018,188,CRI,10,Cereals,2406029.5
2019,188,CRI,10,Cereals,3876384.35
2020,188,CRI,10,Cereals,6043612.62
2021,188,CRI,10,Cereals,7154141.73
2022,188,CRI,10,Cereals,9352586.3
2023,188,CRI,10,Cereals,9189129.77
2017,192,CUB,10,Cereals,759.5
2018,192,CUB,10,Cereals,1233.29
2019,192,CUB,10,Cereals,606
2021,192,CUB,10,Cereals,8737.02
2017,531,CUW,10,Cereals,601735.407
2018,531,CUW,10,Cereals,652623.862
2019,531,CUW,10,Cereals,632286.05
2020,531,CUW,10,Cereals,674022.083
2022,136,CYM,10,Cereals,228.901
2023,136,CYM,10,Cereals,0.876
2013,196,CYP,10,Cereals,2337227.369
2014,196,CYP,10,Cereals,127443.101
2015,196,CYP,10,Cereals,183284.891
2016,196,CYP,10,Cereals,117672.644
2017,196,CYP,10,Cereals,228944.541
2018,196,CYP,10,Cereals,92755.67
2019,196,CYP,10,Cereals,176493.336
2020,196,CYP,10,Cereals,143924.691
2021,196,CYP,10,Cereals,958105.991
2022,196,CYP,10,Cereals,178729.732
2023,196,CYP,10,Cereals,173840.962
2013,203,CZE,10,Cereals,668943730
2014,203,CZE,10,Cereals,754831215
2015,203,CZE,10,Cereals,675009361
2016,203,CZE,10,Cereals,667599667
2017,203,CZE,10,Cereals,673101923
2018,203,CZE,10,Cereals,575689936
2019,203,CZE,10,Cereals,514122012
2020,203,CZE,10,Cereals,699650992
2021,203,CZE,10,Cereals,891784832
2022,203,CZE,10,Cereals,1090156368
2023,203,CZE,10,Cereals,1007776946
2013,276,DEU,10,Cereals,4324986212
2014,276,DEU,10,Cereals,3851432623
2015,276,DEU,10,Cereals,3405690909
2016,276,DEU,10,Cereals,2848076412
2017,276,DEU,10,Cereals,2410357548
2018,276,DEU,10,Cereals,1978064962
2019,276,DEU,10,Cereals,1951607881
2020,276,DEU,10,Cereals,3018131760
2021,276,DEU,10,Cereals,3313365299
2022,276,DEU,10,Cereals,3792748922
2023,276,DEU,10,Cereals,3369395771
2021,262,DJI,10,Cereals,291640858.6
2022,262,DJI,10,Cereals,298579700.5
2023,262,DJI,10,Cereals,268150909.2
2017,212,DMA,10,Cereals,14258.966
2021,212,DMA,10,Cereals,219.629
2022,212,DMA,10,Cereals,250.37
2023,212,DMA,10,Cereals,6.667
2013,208,DNK,10,Cereals,508460429
2014,208,DNK,10,Cereals,454753492
2015,208,DNK,10,Cereals,485256958
2016,208,DNK,10,Cereals,336767753.3
2017,208,DNK,10,Cereals,413160248
2018,208,DNK,10,Cereals,310670048.2
2019,208,DNK,10,Cereals,293605910.3
2020,208,DNK,10,Cereals,361286924.7
2021,208,DNK,10,Cereals,430409388.6
2022,208,DNK,10,Cereals,407668666
2023,208,DNK,10,Cereals,504833081.5
2013,214,DOM,10,Cereals,6620565
2014,214,DOM,10,Cereals,18930764.84
2015,214,DOM,10,Cereals,20589602.01
2016,214,DOM,10,Cereals,20024780.76
2017,214,DOM,10,Cereals,14257687.02
2018,214,DOM,10,Cereals,24733096.23
2019,214,DOM,10,Cereals,15352363.97
2020,214,DOM,10,Cereals,3339462.75
2021,214,DOM,10,Cereals,902183.202
2022,214,DOM,10,Cereals,1783266.864
2023,214,DOM,10,Cereals,4385068.545
2013,12,DZA,10,Cereals,65473
2014,12,DZA,10,Cereals,31632
2015,12,DZA,10,Cereals,4281
2016,12,DZA,10,Cereals,12546
2017,12,DZA,10,Cereals,44722.13
2013,218,ECU,10,Cereals,35223868
2014,218,ECU,10,Cereals,16816723
2015,218,ECU,10,Cereals,7288515
2016,218,ECU,10,Cereals,5804111
2017,218,ECU,10,Cereals,5540553.32
2018,218,ECU,10,Cereals,23046440.55
2019,218,ECU,10,Cereals,25966144.52
2020,218,ECU,10,Cereals,37627333.28
2021,218,ECU,10,Cereals,16185477.89
2022,218,ECU,10,Cereals,31622677.6
2023,218,ECU,10,Cereals,6566330.3
2013,818,EGY,10,Cereals,205653109
2014,818,EGY,10,Cereals,35069502
2015,818,EGY,10,Cereals,82730547.99
2016,818,EGY,10,Cereals,31763025.24
2017,818,EGY,10,Cereals,2939696.283
2018,818,EGY,10,Cereals,7601254.783
2019,818,EGY,10,Cereals,5299040.953
2020,818,EGY,10,Cereals,5049718.858
2021,818,EGY,10,Cereals,7042744.266
2022,818,EGY,10,Cereals,14356990
2023,818,EGY,10,Cereals,12503812.12
2013,724,ESP,10,Cereals,597783957.1
2014,724,ESP,10,Cereals,531588812.9
2015,724,ESP,10,Cereals,461805676
2016,724,ESP,10,Cereals,401375607.8
2017,724,ESP,10,Cereals,412865461.4
2018,724,ESP,10,Cereals,481519721.7
2019,724,ESP,10,Cereals,502860836.5
2020,724,ESP,10,Cereals,553390632.2
2021,724,ESP,10,Cereals,533052338.8
2022,724,ESP,10,Cereals,617532478.8
2023,724,ESP,10,Cereals,453745090.6
2013,233,EST,10,Cereals,123173688
2014,233,EST,10,Cereals,114298594
2015,233,EST,10,Cereals,158631108
2016,233,EST,10,Cereals,117539247.9
2017,233,EST,10,Cereals,172301366.1
2018,233,EST,10,Cereals,124488007.6
2019,233,EST,10,Cereals,220573870.9
2020,233,EST,10,Cereals,244323674.6
2021,233,EST,10,Cereals,202676187.9
2022,233,EST,10,Cereals,311188449.4
2023,233,EST,10,Cereals,237238840.1
2013,231,ETH,10,Cereals,4251174.827
2014,231,ETH,10,Cereals,17711033.16
2015,231,ETH,10,Cereals,8232986.39
2016,231,ETH,10,Cereals,4678198.057
2017,231,ETH,10,Cereals,12021619.94
2018,231,ETH,10,Cereals,1425753.399
2019,231,ETH,10,Cereals,700927.24
2020,231,ETH,10,Cereals,5297668.84
2021,231,ETH,10,Cereals,11639516.37
2022,231,ETH,10,Cereals,7235752.802
2023,231,ETH,10,Cereals,3470476.058
2013,246,FIN,10,Cereals,174062496
2014,246,FIN,10,Cereals,212447066
2015,246,FIN,10,Cereals,162855795
2016,246,FIN,10,Cereals,131502974
2017,246,FIN,10,Cereals,123431999.4
2018,246,FIN,10,Cereals,94674696.6
2019,246,FIN,10,Cereals,134505751.9
2020,246,FIN,10,Cereals,160311634.6
2021,246,FIN,10,Cereals,117834925.7
2022,246,FIN,10,Cereals,87296439.34
2023,246,FIN,10,Cereals,136243999.3
2013,242,FJI,10,Cereals,833939
2014,242,FJI,10,Cereals,679873
2015,242,FJI,10,Cereals,1165937.608
2016,242,FJI,10,Cereals,562748.614
2017,242,FJI,10,Cereals,462936.825
2018,242,FJI,10,Cereals,497778.728
2019,242,FJI,10,Cereals,555168.913
2020,242,FJI,10,Cereals,526158.406
2021,242,FJI,10,Cereals,1525513.911
2022,242,FJI,10,Cereals,2606697.456
2023,242,FJI,10,Cereals,2829447.669
2013,251,FRA,10,Cereals,10862257986
2014,251,FRA,10,Cereals,8970659000
2015,251,FRA,10,Cereals,7990681128
2016,251,FRA,10,Cereals,6206352659
2017,251,FRA,10,Cereals,5592713026
2018,251,FRA,10,Cereals,7284172862
2019,251,FRA,10,Cereals,7405903929
2020,251,FRA,10,Cereals,7796424068
2021,251,FRA,10,Cereals,8339355514
2022,251,FRA,10,Cereals,11875899876
2023,251,FRA,10,Cereals,8186364780
2013,266,GAB,10,Cereals,61582.865
2014,266,GAB,10,Cereals,73.67
2015,266,GAB,10,Cereals,2403.172
2016,266,GAB,10,Cereals,1221.34
2017,266,GAB,10,Cereals,1375.561
2018,266,GAB,10,Cereals,1886.41
2019,266,GAB,10,Cereals,3391.151
2020,266,GAB,10,Cereals,17705.667
2021,266,GAB,10,Cereals,4705864.025
2022,266,GAB,10,Cereals,38294.035
2023,266,GAB,10,Cereals,4398.415
2013,826,GBR,10,Cereals,488537506
2014,826,GBR,10,Cereals,702098980
2015,826,GBR,10,Cereals,859852073
2016,826,GBR,10,Cereals,944623786
2017,826,GBR,10,Cereals,454271688.5
2018,826,GBR,10,Cereals,410559055.4
2019,826,GBR,10,Cereals,741248615.7
2020,826,GBR,10,Cereals,564379313.1
2021,826,GBR,10,Cereals,392747618.8
2022,826,GBR,10,Cereals,818720462.2
2023,826,GBR,10,Cereals,808977877.8
2013,268,GEO,10,Cereals,62064124
2014,268,GEO,10,Cereals,20370173.46
2015,268,GEO,10,Cereals,5362489.65
2016,268,GEO,10,Cereals,3656117.48
2017,268,GEO,10,Cereals,5653760.15
2018,268,GEO,10,Cereals,5014290.51
2019,268,GEO,10,Cereals,3377775.91
2020,268,GEO,10,Cereals,1265771.85
2021,268,GEO,10,Cereals,2901794.12
2022,268,GEO,10,Cereals,2548616.08
2023,268,GEO,10,Cereals,1566977.357
2013,288,GHA,10,Cereals,467609
2014,288,GHA,10,Cereals,4003336.907
2015,288,GHA,10,Cereals,639174.918
2016,288,GHA,10,Cereals,554203
2017,288,GHA,10,Cereals,468671.294
2018,288,GHA,10,Cereals,382135.643
2019,288,GHA,10,Cereals,110989.878
2021,288,GHA,10,Cereals,503479.122
2022,288,GHA,10,Cereals,1071725.373
2023,288,GHA,10,Cereals,3415242.111
2013,324,GIN,10,Cereals,104145
2014,324,GIN,10,Cereals,324010
2015,324,GIN,10,Cereals,1816907
2016,324,GIN,10,Cereals,3691585
2013,270,GMB,10,Cereals,94802.582
2014,270,GMB,10,Cereals,371057.388
2015,270,GMB,10,Cereals,105773.535
2016,270,GMB,10,Cereals,85.874
2017,270,GMB,10,Cereals,1398.96
2018,270,GMB,10,Cereals,20575.952
2020,270,GMB,10,Cereals,48688.542
2021,270,GMB,10,Cereals,3726980.58
2015,624,GNB,10,Cereals,180200
2013,300,GRC,10,Cereals,154581991
2014,300,GRC,10,Cereals,235388711
2015,300,GRC,10,Cereals,122412105
2016,300,GRC,10,Cereals,221848326
2017,300,GRC,10,Cereals,140612505.2
2018,300,GRC,10,Cereals,156699525.7
2019,300,GRC,10,Cereals,143378465.6
2020,300,GRC,10,Cereals,167510828.6
2021,300,GRC,10,Cereals,294157756.4
2022,300,GRC,10,Cereals,312937136.1
2023,300,GRC,10,Cereals,302442149.6
2015,308,GRD,10,Cereals,15932.206
2021,308,GRD,10,Cereals,102050.741
2022,308,GRD,10,Cereals,11.481
2014,304,GRL,10,Cereals,869.38
2013,320,GTM,10,Cereals,5696253
2014,320,GTM,10,Cereals,2565198
2015,320,GTM,10,Cereals,3615562
2016,320,GTM,10,Cereals,3780186
2017,320,GTM,10,Cereals,2103883
2018,320,GTM,10,Cereals,2030565
2019,320,GTM,10,Cereals,1689169
2020,320,GTM,10,Cereals,1958620
2021,320,GTM,10,Cereals,4158872
2022,320,GTM,10,Cereals,12125523
2023,320,GTM,10,Cereals,12423820
2013,328,GUY,10,Cereals,239038591
2014,328,GUY,10,Cereals,247647128
2015,328,GUY,10,Cereals,219576773.2
2016,328,GUY,10,Cereals,169314967
2017,328,GUY,10,Cereals,188381935.6
2018,328,GUY,10,Cereals,188463445.9
2019,328,GUY,10,Cereals,224419909.4
2020,328,GUY,10,Cereals,490005007.1
2021,328,GUY,10,Cereals,405747156.3
2022,328,GUY,10,Cereals,394132236.4
2023,328,GUY,10,Cereals,240683700.4
2013,344,HKG,10,Cereals,15471555
2014,344,HKG,10,Cereals,15174963
2015,344,HKG,10,Cereals,15163446.46
2016,344,HKG,10,Cereals,14789227.29
2017,344,HKG,10,Cereals,14987360.55
2018,344,HKG,10,Cereals,18662987.28
2019,344,HKG,10,Cereals,17235032.94
2020,344,HKG,10,Cereals,14545426.76
2021,344,HKG,10,Cereals,13216455.37
2022,344,HKG,10,Cereals,12747894.67
2023,344,HKG,10,Cereals,12828598.14
2014,340,HND,10,Cereals,1672030
2015,340,HND,10,Cereals,7646980
2016,340,HND,10,Cereals,7087167
2017,340,HND,10,Cereals,6071856.18
2018,340,HND,10,Cereals,6763671.91
2019,340,HND,10,Cereals,4839113.13
2020,340,HND,10,Cereals,6426229.04
2021,340,HND,10,Cereals,5658073.78
2023,340,HND,10,Cereals,7255210.86
2013,191,HRV,10,Cereals,147921693
2014,191,HRV,10,Cereals,128530053
2015,191,HRV,10,Cereals,156589295
2016,191,HRV,10,Cereals,165902097
2017,191,HRV,10,Cereals,174531403
2018,191,HRV,10,Cereals,223015613
2019,191,HRV,10,Cereals,237335096
2020,191,HRV,10,Cereals,367265005
2021,191,HRV,10,Cereals,438182813
2022,191,HRV,10,Cereals,572230296
2023,191,HRV,10,Cereals,407716671
2013,348,HUN,10,Cereals,1737845838
2014,348,HUN,10,Cereals,1621111476
2015,348,HUN,10,Cereals,1555347686
2016,348,HUN,10,Cereals,1315671522
2017,348,HUN,10,Cereals,1725306614
2018,348,HUN,10,Cereals,1372867581
2019,348,HUN,10,Cereals,1494644391
2020,348,HUN,10,Cereals,1829483187
2021,348,HUN,10,Cereals,1929944816
2022,348,HUN,10,Cereals,1841955723
2023,348,HUN,10,Cereals,1836564202
2013,360,IDN,10,Cereals,11965303
2014,360,IDN,10,Cereals,14124741
2015,360,IDN,10,Cereals,57126110
2016,360,IDN,10,Cereals,12084037
2017,360,IDN,10,Cereals,4350322.88
2018,360,IDN,10,Cereals,75008015.45
2019,360,IDN,10,Cereals,1604963.691
2020,360,IDN,10,Cereals,17528815.18
2021,360,IDN,10,Cereals,6841469.6
2022,360,IDN,10,Cereals,51907088
2023,360,IDN,10,Cereals,31089338.9
2013,699,IND,10,Cereals,11592454581
2014,699,IND,10,Cereals,10059331357
2015,699,IND,10,Cereals,6846426692
2016,699,IND,10,Cereals,5554785432
2017,699,IND,10,Cereals,7334875666
2018,699,IND,10,Cereals,7720142280
2019,699,IND,10,Cereals,7066835286
2020,699,IND,10,Cereals,8671983641
2021,699,IND,10,Cereals,12350066606
2022,699,IND,10,Cereals,14087763977
2023,699,IND,10,Cereals,11281621458
2013,372,IRL,10,Cereals,35051198.85
2014,372,IRL,10,Cereals,23905616.92
2015,372,IRL,10,Cereals,40534296.66
2016,372,IRL,10,Cereals,18104174.5
2017,372,IRL,10,Cereals,21713432.44
2018,372,IRL,10,Cereals,22226294.74
2019,372,IRL,10,Cereals,37218368.11
2020,372,IRL,10,Cereals,45241396.7
2021,372,IRL,10,Cereals,66068787.98
2022,372,IRL,10,Cereals,66246993.41
2023,372,IRL,10,Cereals,68068690.39
2013,364,IRN,10,Cereals,1639216.4
2014,364,IRN,10,Cereals,12088558.81
2015,364,IRN,10,Cereals,614380
2016,364,IRN,10,Cereals,584020
2017,364,IRN,10,Cereals,21348304
2018,364,IRN,10,Cereals,14818872
2019,364,IRN,10,Cereals,2958557.779
2020,364,IRN,10,Cereals,4804792
2021,364,IRN,10,Cereals,3155770
2022,364,IRN,10,Cereals,2102365
2013,352,ISL,10,Cereals,97
2014,352,ISL,10,Cereals,1518
2015,352,ISL,10,Cereals,2911
2016,352,ISL,10,Cereals,5666
2017,352,ISL,10,Cereals,12044.478
2018,352,ISL,10,Cereals,11613.397
2019,352,ISL,10,Cereals,27387.868
2020,352,ISL,10,Cereals,17500.583
2021,352,ISL,10,Cereals,8623.757
2022,352,ISL,10,Cereals,6787.267
2023,352,ISL,10,Cereals,12498.878
2013,376,ISR,10,Cereals,25006000
2014,376,ISR,10,Cereals,17756000
2015,376,ISR,10,Cereals,16532000
2016,376,ISR,10,Cereals,4610000
2017,376,ISR,10,Cereals,5413000
2018,376,ISR,10,Cereals,3343000
2019,376,ISR,10,Cereals,1782000
2020,376,ISR,10,Cereals,1298000
2021,376,ISR,10,Cereals,1545000
2022,376,ISR,10,Cereals,735000
2023,376,ISR,10,Cereals,875007
2013,380,ITA,10,Cereals,808524344
2014,380,ITA,10,Cereals,914230639
2015,380,ITA,10,Cereals,912559629
2016,380,ITA,10,Cereals,778848791.6
2017,380,ITA,10,Cereals,850603754.6
2018,380,ITA,10,Cereals,740042127.1
2019,380,ITA,10,Cereals,721409069.5
2020,380,ITA,10,Cereals,832269711.6
2021,380,ITA,10,Cereals,988288135.3
2022,380,ITA,10,Cereals,1173759399
2023,380,ITA,10,Cereals,1171789215
2013,388,JAM,10,Cereals,483743
2014,388,JAM,10,Cereals,51406.388
2015,388,JAM,10,Cereals,11837
2016,388,JAM,10,Cereals,202325
2017,388,JAM,10,Cereals,130647.62
2018,388,JAM,10,Cereals,442518.71
2019,388,JAM,10,Cereals,260996.481
2020,388,JAM,10,Cereals,379653.95
2021,388,JAM,10,Cereals,433193.57
2022,388,JAM,10,Cereals,579291.01
2023,388,JAM,10,Cereals,815767.56
2013,400,JOR,10,Cereals,9277020
2014,400,JOR,10,Cereals,12871210
2015,400,JOR,10,Cereals,25888656
2016,400,JOR,10,Cereals,3004072
2017,400,JOR,10,Cereals,15081217.25
2018,400,JOR,10,Cereals,101558953.7
2019,400,JOR,10,Cereals,4210174.124
2020,400,JOR,10,Cereals,6244953.424
2021,400,JOR,10,Cereals,36128683.5
2022,400,JOR,10,Cereals,23145624.35
2023,400,JOR,10,Cereals,1598034.263
2013,392,JPN,10,Cereals,18150009
2014,392,JPN,10,Cereals,24521630
2015,392,JPN,10,Cereals,35835712
2016,392,JPN,10,Cereals,33022648
2017,392,JPN,10,Cereals,39106909.42
2018,392,JPN,10,Cereals,47077633.55
2019,392,JPN,10,Cereals,55819135.81
2020,392,JPN,10,Cereals,59353011.22
2021,392,JPN,10,Cereals,63633170.45
2022,392,JPN,10,Cereals,57069017.88
2023,392,JPN,10,Cereals,69621414.97
2024,392,JPN,10,Cereals,79703113.34
2013,398,KAZ,10,Cereals,1338107779
2014,398,KAZ,10,Cereals,1135006680
2015,398,KAZ,10,Cereals,832543312
2016,398,KAZ,10,Cereals,816967981
2017,398,KAZ,10,Cereals,827758223
2018,398,KAZ,10,Cereals,1304450662
2019,398,KAZ,10,Cereals,1347661866
2020,398,KAZ,10,Cereals,1370529166
2021,398,KAZ,10,Cereals,1659503974
2022,398,KAZ,10,Cereals,2215962569
2023,398,KAZ,10,Cereals,2184224709
2013,404,KEN,10,Cereals,17336992
2015,404,KEN,10,Cereals,39866899.61
2016,404,KEN,10,Cereals,30211919.92
2017,404,KEN,10,Cereals,34136266.58
2018,404,KEN,10,Cereals,33262991.28
2019,404,KEN,10,Cereals,30409285.74
2020,404,KEN,10,Cereals,42616075.48
2021,404,KEN,10,Cereals,36622263.89
2022,404,KEN,10,Cereals,12164908.58
2023,404,KEN,10,Cereals,27384078.52
2013,417,KGZ,10,Cereals,308841
2014,417,KGZ,10,Cereals,121282
2015,417,KGZ,10,Cereals,57624
2016,417,KGZ,10,Cereals,151557
2017,417,KGZ,10,Cereals,305777
2018,417,KGZ,10,Cereals,393611
2019,417,KGZ,10,Cereals,532754
2020,417,KGZ,10,Cereals,1193987
2021,417,KGZ,10,Cereals,1769465
2022,417,KGZ,10,Cereals,6751915
2023,417,KGZ,10,Cereals,3088062
2013,116,KHM,10,Cereals,252729566
2014,116,KHM,10,Cereals,232160383
2015,116,KHM,10,Cereals,285643310
2016,116,KHM,10,Cereals,306520072
2017,116,KHM,10,Cereals,341766541.4
2018,116,KHM,10,Cereals,411266492.6
2019,116,KHM,10,Cereals,421801541.6
2020,116,KHM,10,Cereals,471157011.3
2021,116,KHM,10,Cereals,422907606.3
2022,116,KHM,10,Cereals,416548309.6
2023,116,KHM,10,Cereals,1907559967
2016,296,KIR,10,Cereals,1460
2014,659,KNA,10,Cereals,222
2016,659,KNA,10,Cereals,878.029
2013,410,KOR,10,Cereals,3799882
2014,410,KOR,10,Cereals,4316190
2015,410,KOR,10,Cereals,4901451
2016,410,KOR,10,Cereals,5697110
2017,410,KOR,10,Cereals,15576838
2018,410,KOR,10,Cereals,45145573
2019,410,KOR,10,Cereals,27026946
2020,410,KOR,10,Cereals,28331569
2021,410,KOR,10,Cereals,23523621
2022,410,KOR,10,Cereals,21074322
2023,410,KOR,10,Cereals,37549665
2013,414,KWT,10,Cereals,7039744
2014,414,KWT,10,Cereals,7690177
2015,414,KWT,10,Cereals,2610306.137
2016,414,KWT,10,Cereals,2765872.404
2017,414,KWT,10,Cereals,1991606.345
2018,414,KWT,10,Cereals,1949205
2019,414,KWT,10,Cereals,19658695
2020,414,KWT,10,Cereals,731676
2021,414,KWT,10,Cereals,498540
2022,414,KWT,10,Cereals,81692.158
2023,414,KWT,10,Cereals,186552.429
2013,418,LAO,10,Cereals,88670476
2014,418,LAO,10,Cereals,57147065
2015,418,LAO,10,Cereals,79840913
2016,418,LAO,10,Cereals,65069292
2017,418,LAO,10,Cereals,77915770
2018,418,LAO,10,Cereals,64360096
2019,418,LAO,10,Cereals,52350516.19
2020,418,LAO,10,Cereals,90203249.29
2021,418,LAO,10,Cereals,54451711.52
2013,422,LBN,10,Cereals,2709300
2014,422,LBN,10,Cereals,7087878
2015,422,LBN,10,Cereals,12571289.05
2016,422,LBN,10,Cereals,6464903
2017,422,LBN,10,Cereals,5545712.381
2018,422,LBN,10,Cereals,4458852.139
2019,422,LBN,10,Cereals,7888312.35
2020,422,LBN,10,Cereals,19977869
2021,422,LBN,10,Cereals,23416983
2022,422,LBN,10,Cereals,19813537
2023,422,LBN,10,Cereals,14590176
2017,430,LBR,10,Cereals,10000
2019,430,LBR,10,Cereals,8270
2020,430,LBR,10,Cereals,212.72
2021,430,LBR,10,Cereals,22526.5
2016,434,LBY,10,Cereals,4405619
2017,434,LBY,10,Cereals,4405619
2018,434,LBY,10,Cereals,560230
2019,434,LBY,10,Cereals,3240186
2013,662,LCA,10,Cereals,3668
2014,662,LCA,10,Cereals,757
2015,662,LCA,10,Cereals,1314
2016,662,LCA,10,Cereals,3820
2017,662,LCA,10,Cereals,617.403
2018,662,LCA,10,Cereals,1039.9
2019,662,LCA,10,Cereals,437.31
2020,662,LCA,10,Cereals,137794.58
2013,144,LKA,10,Cereals,10179210
2014,144,LKA,10,Cereals,7876759
2015,144,LKA,10,Cereals,12945631
2016,144,LKA,10,Cereals,5445187
2017,144,LKA,10,Cereals,6298675.632
2019,144,LKA,10,Cereals,5671254.578
2020,144,LKA,10,Cereals,9893797.924
2021,144,LKA,10,Cereals,11193325.7
2022,144,LKA,10,Cereals,12951249.23
2023,144,LKA,10,Cereals,14064868.99
2013,426,LSO,10,Cereals,174684.577
2014,426,LSO,10,Cereals,141017.104
2015,426,LSO,10,Cereals,74356.052
2016,426,LSO,10,Cereals,72822.865
2017,426,LSO,10,Cereals,48749.301
2018,426,LSO,10,Cereals,210104.092
2019,426,LSO,10,Cereals,173832.177
2020,426,LSO,10,Cereals,93220.857
2021,426,LSO,10,Cereals,104611.332
2022,426,LSO,10,Cereals,106702.044
2023,426,LSO,10,Cereals,89091.874
2013,440,LTU,10,Cereals,752375175
2014,440,LTU,10,Cereals,779227384
2015,440,LTU,10,Cereals,661226058
2016,440,LTU,10,Cereals,657280735
2017,440,LTU,10,Cereals,700726975
2018,440,LTU,10,Cereals,493696439
2019,440,LTU,10,Cereals,828827172
2020,440,LTU,10,Cereals,1121002822
2021,440,LTU,10,Cereals,976743759
2022,440,LTU,10,Cereals,1166914100
2023,440,LTU,10,Cereals,1217195497
2013,442,LUX,10,Cereals,16429589
2014,442,LUX,10,Cereals,18162600
2015,442,LUX,10,Cereals,19211066
2016,442,LUX,10,Cereals,16737735
2017,442,LUX,10,Cereals,13622235.81
2018,442,LUX,10,Cereals,22934667
2019,442,LUX,10,Cereals,19297633.01
2020,442,LUX,10,Cereals,19400522.75
2021,442,LUX,10,Cereals,19261598.69
2022,442,LUX,10,Cereals,18870615.82
2023,442,LUX,10,Cereals,24121961.97
2013,428,LVA,10,Cereals,400975851
2014,428,LVA,10,Cereals,417457157
2015,428,LVA,10,Cereals,459218484.5
2016,428,LVA,10,Cereals,446436015.6
2017,428,LVA,10,Cereals,464582551.2
2018,428,LVA,10,Cereals,427837617
2019,428,LVA,10,Cereals,580838600.4
2020,428,LVA,10,Cereals,742219574
2021,428,LVA,10,Cereals,718027760.4
2022,428,LVA,10,Cereals,1049428439
2023,428,LVA,10,Cereals,787559241.3
2013,446,MAC,10,Cereals,56576.111
2015,446,MAC,10,Cereals,19090
2017,446,MAC,10,Cereals,47504.468
2018,446,MAC,10,Cereals,18995.949
2023,446,MAC,10,Cereals,34113.689
2013,504,MAR,10,Cereals,11230463
2014,504,MAR,10,Cereals,1262593
2015,504,MAR,10,Cereals,1310022.718
2016,504,MAR,10,Cereals,1192513
2017,504,MAR,10,Cereals,335930.673
2018,504,MAR,10,Cereals,364315.823
2019,504,MAR,10,Cereals,368628.272
2020,504,MAR,10,Cereals,407218.695
2021,504,MAR,10,Cereals,2535261.368
2022,504,MAR,10,Cereals,579051.037
2023,504,MAR,10,Cereals,256261.156
2013,498,MDA,10,Cereals,120763297
2014,498,MDA,10,Cereals,181243140
2015,498,MDA,10,Cereals,113859789
2016,498,MDA,10,Cereals,158173426
2017,498,MDA,10,Cereals,182926319
2018,498,MDA,10,Cereals,222674661
2019,498,MDA,10,Cereals,232129201
2020,498,MDA,10,Cereals,112945712
2021,498,MDA,10,Cereals,367732141
2022,498,MDA,10,Cereals,409480859
2023,498,MDA,10,Cereals,395802138
2013,450,MDG,10,Cereals,266349.734
2014,450,MDG,10,Cereals,450337.176
2015,450,MDG,10,Cereals,585191.599
2016,450,MDG,10,Cereals,416140.031
2017,450,MDG,10,Cereals,242125.325
2018,450,MDG,10,Cereals,36106.371
2019,450,MDG,10,Cereals,45422.807
2020,450,MDG,10,Cereals,52279.733
2021,450,MDG,10,Cereals,23521.323
2022,450,MDG,10,Cereals,32331.879
2023,450,MDG,10,Cereals,5415.887
2021,462,MDV,10,Cereals,193.656
2022,462,MDV,10,Cereals,3.501
2013,484,MEX,10,Cereals,510714250
2014,484,MEX,10,Cereals,622255745
2015,484,MEX,10,Cereals,588787579
2016,484,MEX,10,Cereals,892590574
2017,484,MEX,10,Cereals,676791177
2018,484,MEX,10,Cereals,581227242
2019,484,MEX,10,Cereals,464476575
2020,484,MEX,10,Cereals,448072182
2021,484,MEX,10,Cereals,432510034
2022,484,MEX,10,Cereals,558628033
2023,484,MEX,10,Cereals,455528806
2013,807,MKD,10,Cereals,6276934
2014,807,MKD,10,Cereals,3804034
2015,807,MKD,10,Cereals,4501514.78
2016,807,MKD,10,Cereals,5226942.38
2017,807,MKD,10,Cereals,6870076
2018,807,MKD,10,Cereals,10977432.79
2019,807,MKD,10,Cereals,10143410.26
2020,807,MKD,10,Cereals,8345737.91
2021,807,MKD,10,Cereals,18408030.35
2022,807,MKD,10,Cereals,20342325.96
2023,807,MKD,10,Cereals,18583324.23
2016,466,MLI,10,Cereals,119023
2017,466,MLI,10,Cereals,250253.911
2018,466,MLI,10,Cereals,1019362.46
2019,466,MLI,10,Cereals,301231.03
2013,470,MLT,10,Cereals,17119263
2014,470,MLT,10,Cereals,3534586
2015,470,MLT,10,Cereals,18798640
2016,470,MLT,10,Cereals,6017557
2017,470,MLT,10,Cereals,15107748.46
2018,470,MLT,10,Cereals,1315574.653
2019,470,MLT,10,Cereals,849304.147
2020,470,MLT,10,Cereals,3618.477
2021,470,MLT,10,Cereals,2243.658
2022,470,MLT,10,Cereals,204.291
2023,470,MLT,10,Cereals,2530910.321
2013,104,MMR,10,Cereals,739552901
2014,104,MMR,10,Cereals,988202309.8
2015,104,MMR,10,Cereals,957600608.5
2016,104,MMR,10,Cereals,664765477.5
2017,104,MMR,10,Cereals,1337886778
2018,104,MMR,10,Cereals,1107736399
2019,104,MMR,10,Cereals,1022889924
2020,104,MMR,10,Cereals,1160308767
2021,104,MMR,10,Cereals,1289638652
2022,104,MMR,10,Cereals,1447900581
2023,104,MMR,10,Cereals,1197465041
2013,499,MNE,10,Cereals,28892
2014,499,MNE,10,Cereals,7317
2015,499,MNE,10,Cereals,13754
2016,499,MNE,10,Cereals,3708.286
2017,499,MNE,10,Cereals,727.504
2018,499,MNE,10,Cereals,6287.004
2019,499,MNE,10,Cereals,630.972
2020,499,MNE,10,Cereals,129901.799
2021,499,MNE,10,Cereals,78481.191
2022,499,MNE,10,Cereals,16951.116
2023,499,MNE,10,Cereals,187966.801
2013,496,MNG,10,Cereals,2944334
2014,496,MNG,10,Cereals,129735
2015,496,MNG,10,Cereals,622361
2016,496,MNG,10,Cereals,347143
2017,496,MNG,10,Cereals,173.96
2018,496,MNG,10,Cereals,958751.61
2019,496,MNG,10,Cereals,651574.49
2020,496,MNG,10,Cereals,212857.78
2021,496,MNG,10,Cereals,1007004.64
2022,496,MNG,10,Cereals,294961.358
2013,508,MOZ,10,Cereals,577507
2014,508,MOZ,10,Cereals,15637950
2015,508,MOZ,10,Cereals,1963840
2016,508,MOZ,10,Cereals,895198.97
2017,508,MOZ,10,Cereals,4513545.157
2018,508,MOZ,10,Cereals,3995145.74
2019,508,MOZ,10,Cereals,4355847.5
2020,508,MOZ,10,Cereals,4299213.02
2021,508,MOZ,10,Cereals,4556429.57
2022,508,MOZ,10,Cereals,9492886.24
2023,508,MOZ,10,Cereals,9925000
2013,480,MUS,10,Cereals,1817153
2014,480,MUS,10,Cereals,1907339
2015,480,MUS,10,Cereals,54214
2016,480,MUS,10,Cereals,966714.225
2017,480,MUS,10,Cereals,174372.521
2018,480,MUS,10,Cereals,85641.33
2019,480,MUS,10,Cereals,33268.631
2020,480,MUS,10,Cereals,19500.608
2021,480,MUS,10,Cereals,44406.506
2022,480,MUS,10,Cereals,285461.277
2023,480,MUS,10,Cereals,76079.895
2013,454,MWI,10,Cereals,3868466.793
2014,454,MWI,10,Cereals,4221770.007
2015,454,MWI,10,Cereals,2675043.545
2016,454,MWI,10,Cereals,3937959.644
2017,454,MWI,10,Cereals,6842799.104
2018,454,MWI,10,Cereals,8591417.351
2019,454,MWI,10,Cereals,3610334.451
2020,454,MWI,10,Cereals,1247986.411
2021,454,MWI,10,Cereals,10341965.27
2022,454,MWI,10,Cereals,11584802.19
2023,454,MWI,10,Cereals,5274139.15
2013,458,MYS,10,Cereals,14555921
2014,458,MYS,10,Cereals,20530988
2015,458,MYS,10,Cereals,37348225
2016,458,MYS,10,Cereals,31699999
2017,458,MYS,10,Cereals,13512774.47
2018,458,MYS,10,Cereals,12876729.64
2019,458,MYS,10,Cereals,13033963.78
2020,458,MYS,10,Cereals,27762114.94
2021,458,MYS,10,Cereals,43334537.64
2022,458,MYS,10,Cereals,50552248.39
2023,458,MYS,10,Cereals,51519368.16
2013,516,NAM,10,Cereals,265434
2014,516,NAM,10,Cereals,257763
2015,516,NAM,10,Cereals,264102
2016,516,NAM,10,Cereals,193194
2017,516,NAM,10,Cereals,49337.109
2018,516,NAM,10,Cereals,46006.913
2019,516,NAM,10,Cereals,132220.026
2020,516,NAM,10,Cereals,159396.378
2021,516,NAM,10,Cereals,398651.295
2022,516,NAM,10,Cereals,330506.294
2023,516,NAM,10,Cereals,392292.673
2013,540,NCL,10,Cereals,7503
2014,540,NCL,10,Cereals,5324
2015,540,NCL,10,Cereals,58744
2013,562,NER,10,Cereals,22741690
2014,562,NER,10,Cereals,23372699
2015,562,NER,10,Cereals,19396554
2016,562,NER,10,Cereals,83489.727
2017,562,NER,10,Cereals,30259.219
2018,562,NER,10,Cereals,45721.535
2019,562,NER,10,Cereals,4889076.202
2020,562,NER,10,Cereals,78504.314
2021,562,NER,10,Cereals,32906.082
2022,562,NER,10,Cereals,1096871.516
2023,562,NER,10,Cereals,239513.942
2013,566,NGA,10,Cereals,207114751
2015,566,NGA,10,Cereals,11102.79
2016,566,NGA,10,Cereals,13539
2017,566,NGA,10,Cereals,35111.805
2018,566,NGA,10,Cereals,897854.987
2019,566,NGA,10,Cereals,946695.02
2021,566,NGA,10,Cereals,3948124.556
2022,566,NGA,10,Cereals,2828065.816
2023,566,NGA,10,Cereals,2617440.389
2013,558,NIC,10,Cereals,18820698
2014,558,NIC,10,Cereals,9695249
2015,558,NIC,10,Cereals,5197760
2016,558,NIC,10,Cereals,3813586.2
2017,558,NIC,10,Cereals,2859934.85
2018,558,NIC,10,Cereals,3656248.74
2019,558,NIC,10,Cereals,2599590.02
2020,558,NIC,10,Cereals,2061065.84
2021,558,NIC,10,Cereals,2144359.86
2022,558,NIC,10,Cereals,5468814.64
2023,558,NIC,10,Cereals,2606143.53
2013,528,NLD,10,Cereals,744921961.4
2014,528,NLD,10,Cereals,758878886.4
2015,528,NLD,10,Cereals,533723066.9
2016,528,NLD,10,Cereals,488167411.5
2017,528,NLD,10,Cereals,549127050.3
2018,528,NLD,10,Cereals,706929677.6
2019,528,NLD,10,Cereals,703370546.8
2020,528,NLD,10,Cereals,650458144.7
2021,528,NLD,10,Cereals,576753743.8
2022,528,NLD,10,Cereals,696078205.4
2023,528,NLD,10,Cereals,668013777.2
2013,579,NOR,10,Cereals,561132
2014,579,NOR,10,Cereals,763358
2015,579,NOR,10,Cereals,313174.762
2016,579,NOR,10,Cereals,854888
2017,579,NOR,10,Cereals,683829.488
2018,579,NOR,10,Cereals,1022411.132
2019,579,NOR,10,Cereals,1011242.495
2020,579,NOR,10,Cereals,926481.8
2021,579,NOR,10,Cereals,745275.751
2022,579,NOR,10,Cereals,695977.397
2023,579,NOR,10,Cereals,886454.428
2024,579,NOR,10,Cereals,837747.969
2013,524,NPL,10,Cereals,122270
2014,524,NPL,10,Cereals,180876
2015,524,NPL,10,Cereals,93753
2016,524,NPL,10,Cereals,265868.143
2017,524,NPL,10,Cereals,186026.526
2018,524,NPL,10,Cereals,202749.24
2019,524,NPL,10,Cereals,276195.92
2020,524,NPL,10,Cereals,20815.67
2021,524,NPL,10,Cereals,43815.85
2022,524,NPL,10,Cereals,38899.058
2013,554,NZL,10,Cereals,23073003.24
2014,554,NZL,10,Cereals,43822383.94
2015,554,NZL,10,Cereals,14307156.1
2016,554,NZL,10,Cereals,19404332
2017,554,NZL,10,Cereals,13905553.66
2018,554,NZL,10,Cereals,13275372.76
2019,554,NZL,10,Cereals,15499662.19
2020,554,NZL,10,Cereals,4350669.406
2021,554,NZL,10,Cereals,6747744.35
2022,554,NZL,10,Cereals,3464204.071
2023,554,NZL,10,Cereals,5892334.517
2013,512,OMN,10,Cereals,15490846
2014,512,OMN,10,Cereals,5274342.828
2015,512,OMN,10,Cereals,17410469.17
2016,512,OMN,10,Cereals,58068156.02
2017,512,OMN,10,Cereals,5314163.371
2018,512,OMN,10,Cereals,8096423.198
2019,512,OMN,10,Cereals,8287281.439
2020,512,OMN,10,Cereals,11415008.08
2021,512,OMN,10,Cereals,33141011.65
2022,512,OMN,10,Cereals,41368881.6
2023,512,OMN,10,Cereals,34024431.68
2013,586,PAK,10,Cereals,2181044652
2014,586,PAK,10,Cereals,2211314985
2015,586,PAK,10,Cereals,1942267257
2016,586,PAK,10,Cereals,1717085038
2017,586,PAK,10,Cereals,1751542185
2018,586,PAK,10,Cereals,2325637400
2019,586,PAK,10,Cereals,2368645352
2020,586,PAK,10,Cereals,2117198660
2021,586,PAK,10,Cereals,2259378905
2022,586,PAK,10,Cereals,2583546950
2023,586,PAK,10,Cereals,3207042692
2013,591,PAN,10,Cereals,364093
2014,591,PAN,10,Cereals,174342
2015,591,PAN,10,Cereals,136596
2016,591,PAN,10,Cereals,485499
2017,591,PAN,10,Cereals,5025099
2018,591,PAN,10,Cereals,2150407
2019,591,PAN,10,Cereals,320720
2020,591,PAN,10,Cereals,1041506
2021,591,PAN,10,Cereals,17940
2022,591,PAN,10,Cereals,29700
2023,591,PAN,10,Cereals,15989
2013,604,PER,10,Cereals,148213924.7
2014,604,PER,10,Cereals,221111937.3
2015,604,PER,10,Cereals,166699227.8
2016,604,PER,10,Cereals,130085932.3
2017,604,PER,10,Cereals,145032195.5
2018,604,PER,10,Cereals,151696865.5
2019,604,PER,10,Cereals,185046825.7
2020,604,PER,10,Cereals,180977867.6
2021,604,PER,10,Cereals,130388226.2
2022,604,PER,10,Cereals,124633583.3
2023,604,PER,10,Cereals,134503922.5
2013,608,PHL,10,Cereals,6583091
2014,608,PHL,10,Cereals,6149084
2015,608,PHL,10,Cereals,5900521
2016,608,PHL,10,Cereals,1435975
2017,608,PHL,10,Cereals,2569210
2018,608,PHL,10,Cereals,1551460
2019,608,PHL,10,Cereals,1863482
2020,608,PHL,10,Cereals,5493802
2021,608,PHL,10,Cereals,3993512
2022,608,PHL,10,Cereals,10002138
2023,608,PHL,10,Cereals,5951160
2014,585,PLW,10,Cereals,10
2019,598,PNG,10,Cereals,25190.804
2020,598,PNG,10,Cereals,58199.337
2021,598,PNG,10,Cereals,85825.759
2013,616,POL,10,Cereals,1113825146
2014,616,POL,10,Cereals,1334901912
2015,616,POL,10,Cereals,1262430867
2016,616,POL,10,Cereals,1163288747
2017,616,POL,10,Cereals,947415968
2018,616,POL,10,Cereals,960788439
2019,616,POL,10,Cereals,920587553
2020,616,POL,10,Cereals,1951342483
2021,616,POL,10,Cereals,2293168520
2022,616,POL,10,Cereals,3280204345
2023,616,POL,10,Cereals,3850017837
2013,620,PRT,10,Cereals,36778976
2014,620,PRT,10,Cereals,90159966
2015,620,PRT,10,Cereals,53919006.85
2016,620,PRT,10,Cereals,70601188.92
2017,620,PRT,10,Cereals,82232197.69
2018,620,PRT,10,Cereals,137304197.4
2019,620,PRT,10,Cereals,107335507.5
2020,620,PRT,10,Cereals,97718709.01
2021,620,PRT,10,Cereals,103669234.3
2022,620,PRT,10,Cereals,186822500
2023,620,PRT,10,Cereals,214089289.1
2013,600,PRY,10,Cereals,776197684
2014,600,PRY,10,Cereals,614696892
2015,600,PRY,10,Cereals,727487444
2016,600,PRY,10,Cereals,683766525.9
2017,600,PRY,10,Cereals,499181498
2018,600,PRY,10,Cereals,526306516
2019,600,PRY,10,Cereals,710471422
2020,600,PRY,10,Cereals,679474989
2021,600,PRY,10,Cereals,772391352
2022,600,PRY,10,Cereals,1495988819
2023,600,PRY,10,Cereals,1240822857
2013,275,PSE,10,Cereals,10991713
2014,275,PSE,10,Cereals,10219121
2015,275,PSE,10,Cereals,6708053
2016,275,PSE,10,Cereals,8690041
2017,275,PSE,10,Cereals,6059019.971
2018,275,PSE,10,Cereals,5506628.512
2019,275,PSE,10,Cereals,3785354.76
2020,275,PSE,10,Cereals,4244920.46
2021,275,PSE,10,Cereals,7164609.9
2022,275,PSE,10,Cereals,7659784.843
2023,275,PSE,10,Cereals,6366859.111
2016,258,PYF,10,Cereals,74.196
2019,258,PYF,10,Cereals,219908.472
2013,634,QAT,10,Cereals,989068.31
2014,634,QAT,10,Cereals,1035468
2015,634,QAT,10,Cereals,391869.449
2016,634,QAT,10,Cereals,468104.741
2017,634,QAT,10,Cereals,355607.043
2018,634,QAT,10,Cereals,319321.056
2019,634,QAT,10,Cereals,70057.952
2020,634,QAT,10,Cereals,527330.73
2021,634,QAT,10,Cereals,496837.393
2022,634,QAT,10,Cereals,298116.305
2023,634,QAT,10,Cereals,173402.577
2013,642,ROU,10,Cereals,2651043222
2014,642,ROU,10,Cereals,2638730014
2015,642,ROU,10,Cereals,2225882314
2016,642,ROU,10,Cereals,2326567952
2017,642,ROU,10,Cereals,2247120340
2018,642,ROU,10,Cereals,2548609443
2019,642,ROU,10,Cereals,2897378101
2020,642,ROU,10,Cereals,2446561478
2021,642,ROU,10,Cereals,4283200384
2022,642,ROU,10,Cereals,4588274724
2023,642,ROU,10,Cereals,4460829176
2013,643,RUS,10,Cereals,4752137268
2014,643,RUS,10,Cereals,7086716335
2015,643,RUS,10,Cereals,5652551008
2016,643,RUS,10,Cereals,5607974949
2017,643,RUS,10,Cereals,7491655717
2018,643,RUS,10,Cereals,10456402405
2019,643,RUS,10,Cereals,7927941027
2020,643,RUS,10,Cereals,9340483240
2021,643,RUS,10,Cereals,9174107158
2013,646,RWA,10,Cereals,15005533.19
2014,646,RWA,10,Cereals,15142451.26
2015,646,RWA,10,Cereals,19613623.44
2016,646,RWA,10,Cereals,26254709.08
2017,646,RWA,10,Cereals,31975366.03
2018,646,RWA,10,Cereals,32663221.48
2019,646,RWA,10,Cereals,32330671.58
2020,646,RWA,10,Cereals,34259466.72
2021,646,RWA,10,Cereals,36543424.35
2022,646,RWA,10,Cereals,63833024.9
2013,490,S19,10,Cereals,6057175
2014,490,S19,10,Cereals,6456671
2015,490,S19,10,Cereals,39248198
2016,490,S19,10,Cereals,53971363
2017,490,S19,10,Cereals,17095152.46
2018,490,S19,10,Cereals,33063717.47
2019,490,S19,10,Cereals,50300193.18
2020,490,S19,10,Cereals,115334329.2
2021,490,S19,10,Cereals,103996173.2
2022,490,S19,10,Cereals,81127096.98
2023,490,S19,10,Cereals,88939539.65
2013,682,SAU,10,Cereals,15422686
2014,682,SAU,10,Cereals,10962381
2015,682,SAU,10,Cereals,10539479.81
2016,682,SAU,10,Cereals,10317240.37
2017,682,SAU,10,Cereals,17119960.07
2018,682,SAU,10,Cereals,12042749.51
2019,682,SAU,10,Cereals,8126964.33
2020,682,SAU,10,Cereals,5466572.46
2021,682,SAU,10,Cereals,3851207.904
2022,682,SAU,10,Cereals,7449387.014
2023,682,SAU,10,Cereals,6505012.904
2013,729,SDN,10,Cereals,7529939
2014,729,SDN,10,Cereals,5778936.27
2015,729,SDN,10,Cereals,121929
2016,729,SDN,10,Cereals,30710999
2017,729,SDN,10,Cereals,112726264
2018,729,SDN,10,Cereals,27922163
2013,686,SEN,10,Cereals,39487267
2014,686,SEN,10,Cereals,41561772
2015,686,SEN,10,Cereals,38271897
2016,686,SEN,10,Cereals,46306034
2017,686,SEN,10,Cereals,32185874.87
2018,686,SEN,10,Cereals,46394646.18
2019,686,SEN,10,Cereals,52802469.07
2020,686,SEN,10,Cereals,26421334.2
2021,686,SEN,10,Cereals,46331056.95
2022,686,SEN,10,Cereals,48808180.08
2023,686,SEN,10,Cereals,43023696.91
2013,702,SGP,10,Cereals,70415777.21
2014,702,SGP,10,Cereals,84981805.37
2015,702,SGP,10,Cereals,63651870.48
2016,702,SGP,10,Cereals,38013673.78
2017,702,SGP,10,Cereals,39229078.27
2018,702,SGP,10,Cereals,25091504.56
2019,702,SGP,10,Cereals,37586492.23
2020,702,SGP,10,Cereals,47461867.76
2021,702,SGP,10,Cereals,67288292.03
2022,702,SGP,10,Cereals,57064438.97
2023,702,SGP,10,Cereals,82415608.44
2013,90,SLB,10,Cereals,102961.811
2014,90,SLB,10,Cereals,152602.198
2015,90,SLB,10,Cereals,20336
2016,90,SLB,10,Cereals,10024
2017,90,SLB,10,Cereals,549297.144
2014,694,SLE,10,Cereals,10449
2015,694,SLE,10,Cereals,40888
2016,694,SLE,10,Cereals,4834
2017,694,SLE,10,Cereals,20515.763
2018,694,SLE,10,Cereals,5293.2
2013,222,SLV,10,Cereals,16898324.92
2014,222,SLV,10,Cereals,10409676.43
2015,222,SLV,10,Cereals,24821646.64
2016,222,SLV,10,Cereals,8643933.91
2017,222,SLV,10,Cereals,1888679.35
2018,222,SLV,10,Cereals,2167075.24
2019,222,SLV,10,Cereals,3203380.68
2020,222,SLV,10,Cereals,2510856.18
2021,222,SLV,10,Cereals,5407690.02
2022,222,SLV,10,Cereals,6595223.4
2023,222,SLV,10,Cereals,10520271
2013,688,SRB,10,Cereals,486788905
2014,688,SRB,10,Cereals,605084472
2015,688,SRB,10,Cereals,486462731
2016,688,SRB,10,Cereals,512565395
2017,688,SRB,10,Cereals,385266793
2018,688,SRB,10,Cereals,493029097
2019,688,SRB,10,Cereals,628540826
2020,688,SRB,10,Cereals,790195104
2021,688,SRB,10,Cereals,908169947
2022,688,SRB,10,Cereals,733189576
2023,688,SRB,10,Cereals,474257934
2014,678,STP,10,Cereals,198633
2015,678,STP,10,Cereals,172
2023,678,STP,10,Cereals,145.811
2013,740,SUR,10,Cereals,39661394
2014,740,SUR,10,Cereals,51668795
2015,740,SUR,10,Cereals,10337968.48
2016,740,SUR,10,Cereals,16823930.06
2017,740,SUR,10,Cereals,30363153.56
2018,740,SUR,10,Cereals,17158528.58
2019,740,SUR,10,Cereals,23035233.55
2020,740,SUR,10,Cereals,27412359.09
2021,740,SUR,10,Cereals,32458557.14
2022,740,SUR,10,Cereals,25060846.43
2023,740,SUR,10,Cereals,26856609.87
2013,703,SVK,10,Cereals,344140499.1
2014,703,SVK,10,Cereals,383376346.2
2015,703,SVK,10,Cereals,378075193.4
2016,703,SVK,10,Cereals,387738936.9
2017,703,SVK,10,Cereals,384939035.7
2018,703,SVK,10,Cereals,329967440.2
2019,703,SVK,10,Cereals,320829796.2
2020,703,SVK,10,Cereals,462899406.3
2021,703,SVK,10,Cereals,564451463.4
2022,703,SVK,10,Cereals,833459445.7
2023,703,SVK,10,Cereals,700435314
2013,705,SVN,10,Cereals,44926334
2014,705,SVN,10,Cereals,36447924
2015,705,SVN,10,Cereals,39372279
2016,705,SVN,10,Cereals,38531649.71
2017,705,SVN,10,Cereals,58387379.42
2018,705,SVN,10,Cereals,61262554.63
2019,705,SVN,10,Cereals,68736659.12
2020,705,SVN,10,Cereals,81126309.48
2021,705,SVN,10,Cereals,120090969.8
2022,705,SVN,10,Cereals,104134080.8
2023,705,SVN,10,Cereals,82693704.96
2013,752,SWE,10,Cereals,260744431.6
2014,752,SWE,10,Cereals,429926135.9
2015,752,SWE,10,Cereals,404332218.3
2016,752,SWE,10,Cereals,343363839.2
2017,752,SWE,10,Cereals,298162777.1
2018,752,SWE,10,Cereals,210633312.4
2019,752,SWE,10,Cereals,228035469.9
2020,752,SWE,10,Cereals,395472977.7
2021,752,SWE,10,Cereals,338997063.6
2022,752,SWE,10,Cereals,380915677.5
2023,752,SWE,10,Cereals,287598348.7
2013,748,SWZ,10,Cereals,692553.513
2014,748,SWZ,10,Cereals,634466.602
2015,748,SWZ,10,Cereals,225004.411
2016,748,SWZ,10,Cereals,363808.818
2017,748,SWZ,10,Cereals,391136.974
2018,748,SWZ,10,Cereals,305223.615
2019,748,SWZ,10,Cereals,269080.12
2020,748,SWZ,10,Cereals,75171.3
2021,748,SWZ,10,Cereals,185132.11
2022,748,SWZ,10,Cereals,141851.45
2023,748,SWZ,10,Cereals,81240.21
2015,690,SYC,10,Cereals,12358.268
2016,690,SYC,10,Cereals,7444.831
2017,690,SYC,10,Cereals,5335.074
2018,690,SYC,10,Cereals,60.46
2020,690,SYC,10,Cereals,26298.926
2021,690,SYC,10,Cereals,148831.357
2022,690,SYC,10,Cereals,677.867
2023,690,SYC,10,Cereals,16977.747
2013,768,TGO,10,Cereals,249202.453
2014,768,TGO,10,Cereals,1447828.628
2015,768,TGO,10,Cereals,394010.389
2016,768,TGO,10,Cereals,53116.44
2017,768,TGO,10,Cereals,514553.21
2018,768,TGO,10,Cereals,52076.662
2019,768,TGO,10,Cereals,246823.32
2020,768,TGO,10,Cereals,472531.375
2021,768,TGO,10,Cereals,449642.178
2022,768,TGO,10,Cereals,201821.55
2023,768,TGO,10,Cereals,628450.899
2013,764,THA,10,Cereals,4626187113
2014,764,THA,10,Cereals,5729600654
2015,764,THA,10,Cereals,4712280061
2016,764,THA,10,Cereals,4609762433
2017,764,THA,10,Cereals,5380146152
2018,764,THA,10,Cereals,5747825924
2019,764,THA,10,Cereals,4284611082
2020,764,THA,10,Cereals,3808840554
2021,764,THA,10,Cereals,3583534357
2022,764,THA,10,Cereals,4089287028
2023,764,THA,10,Cereals,5259866091
2016,762,TJK,10,Cereals,215190
2017,762,TJK,10,Cereals,122349
2018,762,TJK,10,Cereals,47131
2019,762,TJK,10,Cereals,133292
2020,762,TJK,10,Cereals,49428
2021,762,TJK,10,Cereals,161000
2022,762,TJK,10,Cereals,167914
2017,626,TLS,10,Cereals,3151.35
2018,626,TLS,10,Cereals,36.75
2013,776,TON,10,Cereals,36
2013,780,TTO,10,Cereals,1238948.392
2014,780,TTO,10,Cereals,1030967.715
2015,780,TTO,10,Cereals,1657028.84
2016,780,TTO,10,Cereals,3200165.962
2017,780,TTO,10,Cereals,1766160.654
2018,780,TTO,10,Cereals,1159883.295
2019,780,TTO,10,Cereals,653834.122
2020,780,TTO,10,Cereals,2426639.898
2021,780,TTO,10,Cereals,3030002.344
2022,780,TTO,10,Cereals,97163.907
2023,780,TTO,10,Cereals,1105900.51
2013,788,TUN,10,Cereals,53458
2014,788,TUN,10,Cereals,3719717
2015,788,TUN,10,Cereals,6944677
2016,788,TUN,10,Cereals,940100
2017,788,TUN,10,Cereals,269584.801
2018,788,TUN,10,Cereals,2932372.349
2019,788,TUN,10,Cereals,210316.486
2020,788,TUN,10,Cereals,74954.09
2021,788,TUN,10,Cereals,555155.851
2022,788,TUN,10,Cereals,252179.351
2023,788,TUN,10,Cereals,3038.01
2013,792,TUR,10,Cereals,320928660
2014,792,TUR,10,Cereals,313391844
2015,792,TUR,10,Cereals,353947257
2016,792,TUR,10,Cereals,456753438
2017,792,TUR,10,Cereals,450488213
2018,792,TUR,10,Cereals,380457677
2019,792,TUR,10,Cereals,345165190
2020,792,TUR,10,Cereals,289969935
2021,792,TUR,10,Cereals,416431868
2022,792,TUR,10,Cereals,688542028
2023,792,TUR,10,Cereals,1733189035
2013,834,TZA,10,Cereals,40723768
2014,834,TZA,10,Cereals,146199013
2015,834,TZA,10,Cereals,31112377
2016,834,TZA,10,Cereals,23288306
2017,834,TZA,10,Cereals,27198713.61
2018,834,TZA,10,Cereals,73314514.59
2019,834,TZA,10,Cereals,80472978.09
2020,834,TZA,10,Cereals,173933533.6
2021,834,TZA,10,Cereals,402836727.5
2022,834,TZA,10,Cereals,287238223.4
2023,834,TZA,10,Cereals,173523149.7
2013,800,UGA,10,Cereals,91792105
2014,800,UGA,10,Cereals,96837903
2015,800,UGA,10,Cereals,142102494
2016,800,UGA,10,Cereals,144252062
2017,800,UGA,10,Cereals,183058709.4
2018,800,UGA,10,Cereals,192023928.7
2019,800,UGA,10,Cereals,119784702.9
2020,800,UGA,10,Cereals,102419319
2021,800,UGA,10,Cereals,51924524.83
2022,800,UGA,10,Cereals,83942863.93
2023,800,UGA,10,Cereals,188955724.6
2013,804,UKR,10,Cereals,6371334699
2014,804,UKR,10,Cereals,6544132005
2015,804,UKR,10,Cereals,6057489963
2016,804,UKR,10,Cereals,6073915229
2017,804,UKR,10,Cereals,6501877183
2018,804,UKR,10,Cereals,7240557677
2019,804,UKR,10,Cereals,9633333768
2020,804,UKR,10,Cereals,9417632971
2021,804,UKR,10,Cereals,11843938109
2022,804,UKR,10,Cereals,9170803255
2023,804,UKR,10,Cereals,8306532857
2013,858,URY,10,Cereals,893087449
2014,858,URY,10,Cereals,866716734
2015,858,URY,10,Cereals,504691198
2016,858,URY,10,Cereals,543171535
2017,858,URY,10,Cereals,527243769
2018,858,URY,10,Cereals,409147323
2019,858,URY,10,Cereals,459676345
2020,858,URY,10,Cereals,558769251
2021,858,URY,10,Cereals,594011411
2022,858,URY,10,Cereals,813907827
2023,858,URY,10,Cereals,910947990
2013,842,USA,10,Cereals,20300976057
2014,842,USA,10,Cereals,22850742210
2015,842,USA,10,Cereals,18799966274
2016,842,USA,10,Cereals,18938197646
2017,842,USA,10,Cereals,18594946549
2018,842,USA,10,Cereals,21028435347
2019,842,USA,10,Cereals,16881208771
2020,842,USA,10,Cereals,19342931350
2021,842,USA,10,Cereals,30546208516
2022,842,USA,10,Cereals,31578971813
2023,842,USA,10,Cereals,23343580193
2017,860,UZB,10,Cereals,53019386.99
2018,860,UZB,10,Cereals,20569994
2019,860,UZB,10,Cereals,26950367.97
2020,860,UZB,10,Cereals,15992490.98
2021,860,UZB,10,Cereals,7871550.99
2022,860,UZB,10,Cereals,10094740.98
2023,860,UZB,10,Cereals,52809285.48
2013,670,VCT,10,Cereals,3694488.735
2014,670,VCT,10,Cereals,3278436.314
2015,670,VCT,10,Cereals,2980648.875
2016,670,VCT,10,Cereals,2446215.257
2017,670,VCT,10,Cereals,2359829.392
2018,670,VCT,10,Cereals,1569408.738
2019,670,VCT,10,Cereals,538291.16
2020,670,VCT,10,Cereals,168467.54
2021,670,VCT,10,Cereals,261049.011
2022,670,VCT,10,Cereals,1004.932
2023,670,VCT,10,Cereals,1193.228
2013,862,VEN,10,Cereals,5347
2013,704,VNM,10,Cereals,2939287839
2014,704,VNM,10,Cereals,2969000902
2015,704,VNM,10,Cereals,2824656509
2016,704,VNM,10,Cereals,2180841929
2017,704,VNM,10,Cereals,2663088749
2018,704,VNM,10,Cereals,2678687049
2019,704,VNM,10,Cereals,2498630959
2020,704,VNM,10,Cereals,2930514515
2021,704,VNM,10,Cereals,3104725006
2022,704,VNM,10,Cereals,3256901869
2013,882,WSM,10,Cereals,58889
2014,882,WSM,10,Cereals,16391
2017,882,WSM,10,Cereals,26621.224
2018,882,WSM,10,Cereals,55293.974
2019,882,WSM,10,Cereals,39756.96
2021,882,WSM,10,Cereals,8199.813
2022,882,WSM,10,Cereals,61479.528
2023,882,WSM,10,Cereals,30138.798
2013,887,YEM,10,Cereals,4244976
2014,887,YEM,10,Cereals,7815224
2015,887,YEM,10,Cereals,17749006
2018,887,YEM,10,Cereals,2884227.079
2019,887,YEM,10,Cereals,17024.273
2013,710,ZAF,10,Cereals,940864738.3
2014,710,ZAF,10,Cereals,804176221.4
2015,710,ZAF,10,Cereals,388502502.4
2016,710,ZAF,10,Cereals,444249001.8
2017,710,ZAF,10,Cereals,581574092.3
2018,710,ZAF,10,Cereals,555531080.2
2019,710,ZAF,10,Cereals,400461968.7
2020,710,ZAF,10,Cereals,703462697
2021,710,ZAF,10,Cereals,1000464493
2022,710,ZAF,10,Cereals,1524925633
2023,710,ZAF,10,Cereals,1507893795
2013,894,ZMB,10,Cereals,161719470.8
2014,894,ZMB,10,Cereals,78183555.03
2015,894,ZMB,10,Cereals,219704424.7
2016,894,ZMB,10,Cereals,191258442
2017,894,ZMB,10,Cereals,100759643.8
2018,894,ZMB,10,Cereals,46255342.22
2019,894,ZMB,10,Cereals,39291593.79
2020,894,ZMB,10,Cereals,42689581.27
2021,894,ZMB,10,Cereals,46633365.17
2022,894,ZMB,10,Cereals,113480351.4
2023,894,ZMB,10,Cereals,65665592.7
2013,716,ZWE,10,Cereals,2150093.64
2014,716,ZWE,10,Cereals,1219119.54
2015,716,ZWE,10,Cereals,1905722.19
2016,716,ZWE,10,Cereals,2195059.92
2017,716,ZWE,10,Cereals,10167525.1
2018,716,ZWE,10,Cereals,3303112.69
2019,716,ZWE,10,Cereals,3539986.13
2020,716,ZWE,10,Cereals,8530301.54
2021,716,ZWE,10,Cereals,3029207.81
2022,716,ZWE,10,Cereals,5291770.33
2023,716,ZWE,10,Cereals,4122929.71
