year,country_code,country_code_letter,HDI_value,dollar_per_capita
2013,533,ABW,,0.01
2014,533,ABW,,0.11
2016,533,ABW,,5.7
2017,533,ABW,,2.31
2018,533,ABW,,0.0
2019,533,ABW,,0.01
2020,533,ABW,,0.01
2015,4,AFG,0.479,0.0
2016,4,AFG,0.483,0.98
2017,4,AFG,0.485,0.05
2018,4,AFG,0.486,0.24
2019,4,AFG,0.492,0.23
2015,24,AGO,0.591,0.61
2016,24,AGO,0.595,0.02
2017,24,AGO,0.597,0.0
2018,24,AGO,0.598,0.01
2019,24,AGO,0.597,0.07
2020,24,AGO,0.594,0.01
2013,8,ALB,0.793,0.03
2014,8,ALB,0.797,0.01
2015,8,ALB,0.797,0.02
2016,8,ALB,0.795,0.09
2017,8,ALB,0.796,0.07
2018,8,ALB,0.797,0.03
2019,8,ALB,0.8,0.12
2020,8,ALB,0.784,0.07
2016,20,AND,0.859,0.0
2013,784,ARE,0.847,28.52
2014,784,ARE,0.853,28.77
2015,784,ARE,0.86,60.82
2016,784,ARE,0.866,57.69
2017,784,ARE,0.898,36.53
2018,784,ARE,0.917,36.81
2019,784,ARE,0.933,17.7
2020,784,ARE,0.93,14.36
2013,32,ARG,0.846,195.2
2014,32,ARG,0.847,121.73
2015,32,ARG,0.85,111.37
2016,32,ARG,0.848,158.9
2017,32,ARG,0.853,157.29
2018,32,ARG,0.852,168.81
2019,32,ARG,0.853,207.11
2020,32,ARG,0.841,198.49
2014,51,ARM,0.764,0.03
2015,51,ARM,0.769,0.06
2016,51,ARM,0.773,0.0
2017,51,ARM,0.775,0.01
2018,51,ARM,0.781,0.0
2019,51,ARM,0.789,0.0
2020,51,ARM,0.769,0.01
2016,28,ATG,0.822,0.04
2017,28,ATG,0.824,0.0
2019,28,ATG,0.831,0.0
2020,28,ATG,0.82,0.0
2013,36,AUS,0.929,347.97
2014,36,AUS,0.931,316.4
2015,36,AUS,0.933,269.89
2016,36,AUS,0.936,210.73
2017,36,AUS,0.937,266.26
2018,36,AUS,0.941,192.84
2019,36,AUS,0.941,134.41
2020,36,AUS,0.948,146.27
2013,40,AUT,0.907,60.46
2014,40,AUT,0.911,63.27
2015,40,AUT,0.91,47.39
2016,40,AUT,0.913,47.65
2017,40,AUT,0.914,51.23
2018,40,AUT,0.917,48.99
2019,40,AUT,0.92,52.57
2020,40,AUT,0.916,59.27
2013,31,AZE,0.745,0.0
2014,31,AZE,0.749,0.0
2015,31,AZE,0.751,0.01
2016,31,AZE,0.752,0.27
2017,31,AZE,0.754,0.0
2018,31,AZE,0.757,0.79
2019,31,AZE,0.762,0.3
2020,31,AZE,0.722,0.0
2013,108,BDI,0.416,0.0
2014,108,BDI,0.419,0.02
2015,108,BDI,0.42,0.0
2016,108,BDI,0.423,0.0
2018,108,BDI,0.421,0.02
2019,108,BDI,0.423,0.0
2020,108,BDI,0.419,0.0
2013,56,BEL,0.917,50.75
2014,56,BEL,0.922,51.65
2015,56,BEL,0.924,43.27
2016,56,BEL,0.927,40.45
2017,56,BEL,0.931,42.61
2018,56,BEL,0.933,52.38
2019,56,BEL,0.936,43.56
2020,56,BEL,0.93,50.03
2013,204,BEN,0.503,1.4
2014,204,BEN,0.506,0.71
2015,204,BEN,0.509,0.02
2016,204,BEN,0.508,0.0
2017,204,BEN,0.505,0.0
2018,204,BEN,0.506,0.02
2019,204,BEN,0.506,0.04
2020,204,BEN,0.501,0.01
2013,854,BFA,0.399,0.55
2014,854,BFA,0.403,0.84
2015,854,BFA,0.413,0.69
2016,854,BFA,0.422,0.27
2017,854,BFA,0.432,0.9
2018,854,BFA,0.443,0.14
2019,854,BFA,0.446,0.39
2020,854,BFA,0.446,1.3
2013,50,BGD,0.577,0.02
2015,50,BGD,0.604,0.04
2013,100,BGR,0.804,220.62
2014,100,BGR,0.807,174.11
2015,100,BGR,0.809,139.38
2016,100,BGR,0.81,165.47
2017,100,BGR,0.81,155.18
2018,100,BGR,0.811,182.75
2019,100,BGR,0.813,229.03
2020,100,BGR,0.802,203.83
2013,48,BHR,0.839,0.47
2014,48,BHR,0.839,0.34
2015,48,BHR,0.859,0.84
2016,48,BHR,0.862,0.64
2017,48,BHR,0.867,0.3
2018,48,BHR,0.88,0.5
2019,48,BHR,0.888,0.72
2020,48,BHR,0.884,3.5
2013,44,BHS,0.804,0.26
2014,44,BHS,0.807,0.01
2015,44,BHS,0.807,0.07
2016,44,BHS,0.809,0.0
2017,44,BHS,0.812,0.0
2018,44,BHS,0.814,0.0
2019,44,BHS,0.802,0.07
2013,70,BIH,0.745,3.82
2014,70,BIH,0.751,6.97
2015,70,BIH,0.757,5.54
2016,70,BIH,0.767,8.46
2017,70,BIH,0.77,4.14
2018,70,BIH,0.774,4.2
2019,70,BIH,0.78,1.79
2020,70,BIH,0.776,3.2
2013,112,BLR,0.806,0.13
2014,112,BLR,0.81,0.11
2015,112,BLR,0.809,0.77
2016,112,BLR,0.809,2.39
2017,112,BLR,0.811,0.05
2018,112,BLR,0.812,0.28
2019,112,BLR,0.81,0.3
2020,112,BLR,0.8,1.72
2013,84,BLZ,0.721,2.3
2014,84,BLZ,0.716,0.08
2015,84,BLZ,0.714,0.24
2016,84,BLZ,0.72,3.48
2017,84,BLZ,0.716,7.45
2018,84,BLZ,0.715,6.75
2019,84,BLZ,0.718,2.43
2020,84,BLZ,0.705,1.87
2013,60,BMU,,0.01
2014,60,BMU,,0.0
2015,60,BMU,,0.02
2016,60,BMU,,0.01
2017,60,BMU,,0.02
2018,60,BMU,,0.02
2019,60,BMU,,0.03
2020,60,BMU,,0.01
2013,68,BOL,0.681,16.07
2014,68,BOL,0.683,18.91
2015,68,BOL,0.688,12.41
2016,68,BOL,0.7,8.16
2017,68,BOL,0.707,7.46
2018,68,BOL,0.712,7.83
2019,68,BOL,0.715,8.52
2020,68,BOL,0.691,8.98
2013,76,BRA,0.75,35.61
2014,76,BRA,0.753,22.18
2015,76,BRA,0.752,28.39
2016,76,BRA,0.753,20.22
2017,76,BRA,0.758,24.33
2018,76,BRA,0.762,21.85
2019,76,BRA,0.764,37.52
2020,76,BRA,0.758,31.03
2013,52,BRB,0.793,0.41
2014,52,BRB,0.795,0.15
2015,52,BRB,0.798,0.05
2016,52,BRB,0.801,0.04
2017,52,BRB,0.803,0.06
2018,52,BRB,0.804,0.04
2019,52,BRB,0.806,0.15
2020,52,BRB,0.803,0.08
2013,96,BRN,0.835,0.0
2014,96,BRN,0.834,0.02
2015,96,BRN,0.832,0.01
2016,96,BRN,0.83,0.13
2017,96,BRN,0.829,0.34
2018,96,BRN,0.826,4.29
2019,96,BRN,0.827,0.43
2020,96,BRN,0.827,0.08
2013,72,BWA,0.676,8.0
2014,72,BWA,0.683,0.3
2015,72,BWA,0.688,0.23
2016,72,BWA,0.697,0.49
2017,72,BWA,0.705,0.47
2018,72,BWA,0.7,0.6
2019,72,BWA,0.703,0.47
2020,72,BWA,0.701,0.75
2015,140,CAF,0.367,0.06
2013,124,CAN,0.923,230.11
2014,124,CAN,0.925,247.05
2015,124,CAN,0.927,205.45
2016,124,CAN,0.928,155.65
2017,124,CAN,0.929,171.75
2018,124,CAN,0.93,194.0
2019,124,CAN,0.932,178.85
2020,124,CAN,0.928,204.64
2013,757,CHE,0.947,0.37
2014,757,CHE,0.951,0.76
2015,757,CHE,0.952,0.66
2016,757,CHE,0.954,0.98
2017,757,CHE,0.955,0.67
2018,757,CHE,0.957,0.92
2019,757,CHE,0.96,1.2
2020,757,CHE,0.957,1.17
2013,152,CHL,0.837,22.04
2014,152,CHL,0.841,16.95
2015,152,CHL,0.846,6.36
2016,152,CHL,0.851,5.03
2017,152,CHL,0.854,5.05
2018,152,CHL,0.856,5.46
2019,152,CHL,0.859,3.85
2020,152,CHL,0.849,5.59
2013,156,CHN,0.723,0.38
2014,156,CHN,0.732,0.32
2015,156,CHN,0.741,0.23
2016,156,CHN,0.749,0.31
2017,156,CHN,0.757,0.48
2018,156,CHN,0.766,0.68
2019,156,CHN,0.775,0.8
2020,156,CHN,0.781,0.68
2013,384,CIV,0.48,0.71
2014,384,CIV,0.499,0.8
2015,384,CIV,0.501,0.37
2016,384,CIV,0.506,0.43
2017,384,CIV,0.515,0.85
2018,384,CIV,0.522,0.25
2019,384,CIV,0.529,0.39
2020,384,CIV,0.53,0.7
2013,120,CMR,0.544,0.09
2014,120,CMR,0.553,0.19
2015,120,CMR,0.562,0.3
2016,120,CMR,0.566,0.3
2017,120,CMR,0.574,0.37
2018,120,CMR,0.581,0.74
2019,120,CMR,0.586,0.4
2020,120,CMR,0.585,0.39
2015,180,COD,0.457,0.0
2016,180,COD,0.466,0.0
2017,180,COD,0.469,0.01
2018,180,COD,0.474,0.0
2019,180,COD,0.476,0.0
2020,180,COD,0.477,0.0
2014,178,COG,0.609,0.0
2016,178,COG,0.606,0.01
2018,178,COG,0.603,0.03
2019,178,COG,0.596,0.01
2020,178,COG,0.598,0.1
2013,170,COL,0.75,0.25
2014,170,COL,0.755,0.47
2015,170,COL,0.758,0.35
2016,170,COL,0.763,0.32
2017,170,COL,0.765,0.13
2018,170,COL,0.766,0.07
2019,170,COL,0.768,0.08
2020,170,COL,0.756,0.1
2017,132,CPV,0.668,0.0
2019,132,CPV,0.667,0.28
2013,188,CRI,0.787,0.37
2014,188,CRI,0.79,0.46
2015,188,CRI,0.792,0.45
2016,188,CRI,0.796,0.6
2017,188,CRI,0.8,0.66
2018,188,CRI,0.804,0.49
2019,188,CRI,0.811,0.78
2020,188,CRI,0.811,1.2
2017,192,CUB,0.764,0.0
2018,192,CUB,0.765,0.0
2019,192,CUB,0.766,0.0
2017,531,CUW,,3.76
2018,531,CUW,,4.1
2019,531,CUW,,4.02
2020,531,CUW,,4.35
2013,196,CYP,0.863,1.97
2014,196,CYP,0.867,0.11
2015,196,CYP,0.874,0.15
2016,196,CYP,0.881,0.1
2017,196,CYP,0.891,0.18
2018,196,CYP,0.896,0.07
2019,196,CYP,0.901,0.14
2020,196,CYP,0.9,0.11
2013,203,CZE,0.884,63.62
2014,203,CZE,0.889,71.72
2015,203,CZE,0.891,64.01
2016,203,CZE,0.894,63.18
2017,203,CZE,0.896,63.53
2018,203,CZE,0.893,54.16
2019,203,CZE,0.896,48.18
2020,203,CZE,0.891,65.4
2013,276,DEU,0.938,53.63
2014,276,DEU,0.942,47.56
2015,276,DEU,0.941,41.69
2016,276,DEU,0.941,34.59
2017,276,DEU,0.944,29.16
2018,276,DEU,0.946,23.86
2019,276,DEU,0.951,23.49
2020,276,DEU,0.948,36.29
2017,212,DMA,0.709,0.21
2013,208,DNK,0.933,90.56
2014,208,DNK,0.932,80.58
2015,208,DNK,0.936,85.38
2016,208,DNK,0.943,58.79
2017,208,DNK,0.944,71.67
2018,208,DNK,0.942,53.62
2019,208,DNK,0.946,50.5
2020,208,DNK,0.946,61.96
2013,214,DOM,0.722,0.65
2014,214,DOM,0.728,1.84
2015,214,DOM,0.739,1.97
2016,214,DOM,0.759,1.9
2017,214,DOM,0.761,1.34
2018,214,DOM,0.763,2.29
2019,214,DOM,0.765,1.41
2020,214,DOM,0.76,0.3
2013,12,DZA,0.729,0.0
2014,12,DZA,0.732,0.0
2015,12,DZA,0.736,0.0
2016,12,DZA,0.738,0.0
2017,12,DZA,0.738,0.0
2013,218,ECU,0.755,2.23
2014,218,ECU,0.759,1.05
2015,218,ECU,0.764,0.45
2016,218,ECU,0.761,0.35
2017,218,ECU,0.762,0.33
2018,218,ECU,0.761,1.35
2019,218,ECU,0.758,1.5
2020,218,ECU,0.734,2.14
2013,818,EGY,0.684,2.16
2014,818,EGY,0.688,0.36
2015,818,EGY,0.695,0.83
2016,818,EGY,0.702,0.31
2017,818,EGY,0.709,0.03
2018,818,EGY,0.717,0.07
2019,818,EGY,0.724,0.05
2020,818,EGY,0.729,0.05
2013,724,ESP,0.88,12.83
2014,724,ESP,0.884,11.44
2015,724,ESP,0.889,9.95
2016,724,ESP,0.894,8.64
2017,724,ESP,0.896,8.87
2018,724,ESP,0.899,10.29
2019,724,ESP,0.904,10.67
2020,724,ESP,0.894,11.68
2013,233,EST,0.881,93.46
2014,233,EST,0.879,86.95
2015,233,EST,0.883,120.59
2016,233,EST,0.884,89.33
2017,233,EST,0.886,130.79
2018,233,EST,0.89,94.17
2019,233,EST,0.893,166.23
2020,233,EST,0.891,183.77
2013,231,ETH,0.437,0.04
2014,231,ETH,0.445,0.18
2015,231,ETH,0.455,0.08
2016,231,ETH,0.465,0.04
2017,231,ETH,0.472,0.11
2018,231,ETH,0.479,0.01
2019,231,ETH,0.485,0.01
2020,231,ETH,0.489,0.04
2013,246,FIN,0.926,32.0
2014,246,FIN,0.928,38.9
2015,246,FIN,0.93,29.72
2016,246,FIN,0.931,23.93
2017,246,FIN,0.934,22.41
2018,246,FIN,0.936,17.17
2019,246,FIN,0.939,24.36
2020,246,FIN,0.939,28.99
2013,242,FJI,0.712,0.91
2014,242,FJI,0.715,0.74
2015,242,FJI,0.716,1.27
2016,242,FJI,0.721,0.61
2017,242,FJI,0.728,0.5
2018,242,FJI,0.731,0.54
2019,242,FJI,0.73,0.61
2020,242,FJI,0.722,0.58
2013,251,FRA,0.888,164.58
2014,251,FRA,0.892,135.28
2015,251,FRA,0.893,120.07
2016,251,FRA,0.896,93.02
2017,251,FRA,0.899,83.58
2018,251,FRA,0.903,108.46
2019,251,FRA,0.905,109.91
2020,251,FRA,0.9,115.33
2013,266,GAB,0.678,0.03
2014,266,GAB,0.687,0.0
2015,266,GAB,0.692,0.0
2016,266,GAB,0.696,0.0
2017,266,GAB,0.699,0.0
2018,266,GAB,0.699,0.0
2019,266,GAB,0.702,0.0
2020,266,GAB,0.704,0.01
2013,826,GBR,0.923,7.62
2014,826,GBR,0.924,10.87
2015,826,GBR,0.923,13.21
2016,826,GBR,0.926,14.4
2017,826,GBR,0.929,6.89
2018,826,GBR,0.928,6.19
2019,826,GBR,0.933,11.12
2020,826,GBR,0.92,8.46
2013,268,GEO,0.784,16.69
2014,268,GEO,0.793,5.48
2015,268,GEO,0.798,1.44
2016,268,GEO,0.802,0.98
2017,268,GEO,0.807,1.52
2018,268,GEO,0.816,1.35
2019,268,GEO,0.816,0.91
2020,268,GEO,0.807,0.34
2013,288,GHA,0.587,0.02
2014,288,GHA,0.582,0.14
2015,288,GHA,0.586,0.02
2016,288,GHA,0.586,0.02
2017,288,GHA,0.585,0.02
2018,288,GHA,0.589,0.01
2019,288,GHA,0.599,0.0
2013,324,GIN,0.43,0.01
2014,324,GIN,0.436,0.03
2015,324,GIN,0.449,0.15
2016,324,GIN,0.466,0.31
2013,270,GMB,0.461,0.05
2014,270,GMB,0.462,0.17
2015,270,GMB,0.467,0.05
2016,270,GMB,0.472,0.0
2017,270,GMB,0.477,0.0
2018,270,GMB,0.483,0.01
2020,270,GMB,0.492,0.02
2015,624,GNB,0.47,0.1
2013,300,GRC,0.874,14.1
2014,300,GRC,0.879,21.61
2015,300,GRC,0.881,11.31
2016,300,GRC,0.877,20.59
2017,300,GRC,0.88,13.07
2018,300,GRC,0.886,14.6
2019,300,GRC,0.89,13.37
2020,300,GRC,0.887,15.66
2015,308,GRD,0.786,0.14
2014,304,GRL,,0.02
2013,320,GTM,0.623,0.37
2014,320,GTM,0.64,0.16
2015,320,GTM,0.629,0.23
2016,320,GTM,0.633,0.23
2017,320,GTM,0.636,0.13
2018,320,GTM,0.64,0.12
2019,320,GTM,0.645,0.1
2020,320,GTM,0.638,0.11
2013,328,GUY,0.674,318.71
2014,328,GUY,0.682,328.34
2015,328,GUY,0.686,289.38
2016,328,GUY,0.693,221.75
2017,328,GUY,0.699,245.14
2018,328,GUY,0.704,238.09
2019,328,GUY,0.711,277.86
2020,328,GUY,0.727,606.83
2013,344,HKG,0.928,2.16
2014,344,HKG,0.932,2.1
2015,344,HKG,0.936,2.08
2016,344,HKG,0.939,2.02
2017,344,HKG,0.946,2.03
2018,344,HKG,0.949,2.5
2019,344,HKG,0.953,2.3
2020,344,HKG,0.955,1.94
2014,340,HND,0.603,0.18
2015,340,HND,0.61,0.83
2016,340,HND,0.615,0.75
2017,340,HND,0.614,0.63
2018,340,HND,0.614,0.69
2019,340,HND,0.629,0.49
2020,340,HND,0.621,0.64
2013,191,HRV,0.839,34.94
2014,191,HRV,0.842,30.59
2015,191,HRV,0.844,37.72
2016,191,HRV,0.85,40.4
2017,191,HRV,0.855,43.19
2018,191,HRV,0.86,55.91
2019,191,HRV,0.866,60.09
2020,191,HRV,0.86,93.83
2013,348,HUN,0.843,176.02
2014,348,HUN,0.84,164.86
2015,348,HUN,0.839,158.75
2016,348,HUN,0.843,134.81
2017,348,HUN,0.846,177.38
2018,348,HUN,0.85,141.43
2019,348,HUN,0.854,154.17
2020,348,HUN,0.849,189.18
2013,360,IDN,0.687,0.05
2014,360,IDN,0.69,0.05
2015,360,IDN,0.698,0.22
2016,360,IDN,0.701,0.05
2017,360,IDN,0.708,0.02
2018,360,IDN,0.712,0.28
2019,360,IDN,0.718,0.01
2020,360,IDN,0.712,0.06
2013,699,IND,0.6,8.95
2014,699,IND,0.611,7.67
2015,699,IND,0.619,5.16
2016,699,IND,0.63,4.13
2017,699,IND,0.636,5.39
2018,699,IND,0.636,5.62
2019,699,IND,0.638,5.09
2020,699,IND,0.638,6.18
2013,372,IRL,0.911,7.58
2014,372,IRL,0.918,5.13
2015,372,IRL,0.924,8.62
2016,372,IRL,0.929,3.8
2017,372,IRL,0.934,4.5
2018,372,IRL,0.938,4.54
2019,372,IRL,0.942,7.48
2020,372,IRL,0.945,8.98
2013,364,IRN,0.78,0.02
2014,364,IRN,0.783,0.15
2015,364,IRN,0.782,0.01
2016,364,IRN,0.785,0.01
2017,364,IRN,0.788,0.25
2018,364,IRN,0.787,0.17
2019,364,IRN,0.785,0.03
2020,364,IRN,0.779,0.05
2013,352,ISL,0.942,0.0
2014,352,ISL,0.946,0.0
2015,352,ISL,0.948,0.01
2016,352,ISL,0.951,0.02
2017,352,ISL,0.955,0.04
2018,352,ISL,0.958,0.03
2019,352,ISL,0.958,0.08
2020,352,ISL,0.955,0.05
2013,376,ISR,0.896,3.1
2014,376,ISR,0.899,2.16
2015,376,ISR,0.899,1.97
2016,376,ISR,0.902,0.54
2017,376,ISR,0.906,0.62
2018,376,ISR,0.908,0.38
2019,376,ISR,0.909,0.2
2020,376,ISR,0.906,0.14
2013,380,ITA,0.88,13.41
2014,380,ITA,0.882,15.16
2015,380,ITA,0.881,15.15
2016,380,ITA,0.886,12.96
2017,380,ITA,0.889,14.18
2018,380,ITA,0.894,12.3
2019,380,ITA,0.899,12.08
2020,380,ITA,0.892,14.0
2013,388,JAM,0.715,0.17
2014,388,JAM,0.714,0.02
2015,388,JAM,0.712,0.0
2016,388,JAM,0.71,0.07
2017,388,JAM,0.711,0.05
2018,388,JAM,0.711,0.16
2019,388,JAM,0.712,0.09
2020,388,JAM,0.707,0.13
2013,400,JOR,0.738,1.16
2014,400,JOR,0.737,1.46
2015,400,JOR,0.738,2.71
2016,400,JOR,0.74,0.3
2017,400,JOR,0.744,1.47
2018,400,JOR,0.742,9.71
2019,400,JOR,0.744,0.39
2020,400,JOR,0.74,0.57
2013,392,JPN,0.909,0.14
2014,392,JPN,0.91,0.19
2015,392,JPN,0.913,0.28
2016,392,JPN,0.914,0.26
2017,392,JPN,0.916,0.31
2018,392,JPN,0.917,0.37
2019,392,JPN,0.918,0.44
2020,392,JPN,0.917,0.47
2013,398,KAZ,0.789,76.22
2014,398,KAZ,0.794,63.71
2015,398,KAZ,0.799,46.04
2016,398,KAZ,0.797,44.49
2017,398,KAZ,0.802,44.38
2018,398,KAZ,0.804,68.9
2019,398,KAZ,0.81,70.16
2020,398,KAZ,0.806,70.35
2013,404,KEN,0.562,0.39
2015,404,KEN,0.575,0.85
2016,404,KEN,0.586,0.63
2017,404,KEN,0.591,0.69
2018,404,KEN,0.598,0.66
2019,404,KEN,0.604,0.59
2020,404,KEN,0.599,0.82
2013,417,KGZ,0.68,0.05
2014,417,KGZ,0.686,0.02
2015,417,KGZ,0.689,0.01
2016,417,KGZ,0.692,0.02
2017,417,KGZ,0.695,0.05
2018,417,KGZ,0.698,0.06
2019,417,KGZ,0.699,0.08
2020,417,KGZ,0.691,0.18
2013,116,KHM,0.554,16.66
2014,116,KHM,0.559,15.08
2015,116,KHM,0.564,18.28
2016,116,KHM,0.573,19.34
2017,116,KHM,0.581,21.26
2018,116,KHM,0.588,25.27
2019,116,KHM,0.596,25.59
2020,116,KHM,0.596,28.17
2016,296,KIR,0.619,0.01
2014,659,KNA,0.827,0.0
2016,659,KNA,0.836,0.02
2013,410,KOR,0.902,0.08
2014,410,KOR,0.906,0.09
2015,410,KOR,0.908,0.1
2016,410,KOR,0.912,0.11
2017,410,KOR,0.915,0.3
2018,410,KOR,0.918,0.88
2019,410,KOR,0.922,0.52
2020,410,KOR,0.922,0.55
2013,414,KWT,0.813,2.01
2014,414,KWT,0.816,2.1
2015,414,KWT,0.829,0.68
2016,414,KWT,0.832,0.69
2017,414,KWT,0.835,0.48
2018,414,KWT,0.836,0.45
2019,414,KWT,0.838,4.43
2020,414,KWT,0.826,0.17
2013,418,LAO,0.587,13.41
2014,418,LAO,0.597,8.53
2015,418,LAO,0.604,11.74
2016,418,LAO,0.61,9.42
2017,418,LAO,0.612,11.1
2018,418,LAO,0.613,9.03
2019,418,LAO,0.617,7.23
2020,418,LAO,0.616,12.28
2013,422,LBN,0.756,0.47
2014,422,LBN,0.755,1.12
2015,422,LBN,0.756,1.94
2016,422,LBN,0.76,1.02
2017,422,LBN,0.765,0.9
2018,422,LBN,0.764,0.75
2019,422,LBN,0.76,1.36
2020,422,LBN,0.742,3.5
2017,430,LBR,0.481,0.0
2019,430,LBR,0.485,0.0
2020,430,LBR,0.483,0.0
2016,434,LBY,0.746,0.66
2017,434,LBY,0.761,0.65
2018,434,LBY,0.764,0.08
2019,434,LBY,0.756,0.47
2013,662,LCA,0.723,0.02
2014,662,LCA,0.727,0.0
2015,662,LCA,0.736,0.01
2016,662,LCA,0.744,0.02
2017,662,LCA,0.742,0.0
2018,662,LCA,0.744,0.01
2019,662,LCA,0.733,0.0
2020,662,LCA,0.724,0.77
2013,144,LKA,0.752,0.49
2014,144,LKA,0.757,0.38
2015,144,LKA,0.76,0.62
2016,144,LKA,0.765,0.26
2017,144,LKA,0.77,0.29
2019,144,LKA,0.775,0.26
2020,144,LKA,0.777,0.45
2013,426,LSO,0.494,0.08
2014,426,LSO,0.5,0.07
2015,426,LSO,0.508,0.04
2016,426,LSO,0.518,0.03
2017,426,LSO,0.522,0.02
2018,426,LSO,0.525,0.1
2019,426,LSO,0.528,0.08
2020,426,LSO,0.53,0.04
2013,440,LTU,0.858,254.07
2014,440,LTU,0.864,265.29
2015,440,LTU,0.865,227.14
2016,440,LTU,0.87,228.43
2017,440,LTU,0.878,246.51
2018,440,LTU,0.882,175.12
2019,440,LTU,0.886,294.84
2020,440,LTU,0.88,398.88
2013,442,LUX,0.922,30.24
2014,442,LUX,0.927,32.65
2015,442,LUX,0.914,33.73
2016,442,LUX,0.922,28.76
2017,442,LUX,0.918,22.84
2018,442,LUX,0.921,37.72
2019,442,LUX,0.925,31.13
2020,442,LUX,0.921,30.77
2013,428,LVA,0.846,199.23
2014,428,LVA,0.85,209.38
2015,428,LVA,0.853,232.22
2016,428,LVA,0.858,227.83
2017,428,LVA,0.863,239.2
2018,428,LVA,0.868,222.0
2019,428,LVA,0.873,303.5
2020,428,LVA,0.873,390.55
2013,446,MAC,,0.1
2015,446,MAC,,0.03
2017,446,MAC,,0.07
2018,446,MAC,,0.03
2013,504,MAR,0.636,0.33
2014,504,MAR,0.645,0.04
2015,504,MAR,0.656,0.04
2016,504,MAR,0.662,0.03
2017,504,MAR,0.671,0.01
2018,504,MAR,0.677,0.01
2019,504,MAR,0.684,0.01
2020,504,MAR,0.683,0.01
2013,498,MDA,0.726,42.23
2014,498,MDA,0.749,63.42
2015,498,MDA,0.749,40.15
2016,498,MDA,0.755,56.43
2017,498,MDA,0.764,66.39
2018,498,MDA,0.767,82.25
2019,498,MDA,0.773,87.13
2020,498,MDA,0.765,42.86
2013,450,MDG,0.494,0.01
2014,450,MDG,0.497,0.02
2015,450,MDG,0.499,0.02
2016,450,MDG,0.501,0.02
2017,450,MDG,0.502,0.01
2018,450,MDG,0.502,0.0
2019,450,MDG,0.498,0.0
2020,450,MDG,0.486,0.0
2013,484,MEX,0.761,4.32
2014,484,MEX,0.765,5.19
2015,484,MEX,0.769,4.86
2016,484,MEX,0.773,7.3
2017,484,MEX,0.776,5.48
2018,484,MEX,0.779,4.67
2019,484,MEX,0.781,3.69
2020,484,MEX,0.757,3.53
2013,807,MKD,0.763,3.26
2014,807,MKD,0.769,1.98
2015,807,MKD,0.777,2.35
2016,807,MKD,0.782,2.74
2017,807,MKD,0.789,3.62
2018,807,MKD,0.796,5.81
2019,807,MKD,0.787,5.41
2020,807,MKD,0.766,4.5
2016,466,MLI,0.407,0.01
2017,466,MLI,0.413,0.01
2018,466,MLI,0.417,0.05
2019,466,MLI,0.421,0.01
2013,470,MLT,0.874,40.3
2014,470,MLT,0.881,8.15
2015,470,MLT,0.887,42.32
2016,470,MLT,0.887,13.24
2017,470,MLT,0.896,32.34
2018,470,MLT,0.903,2.72
2019,470,MLT,0.905,1.69
2020,470,MLT,0.901,0.01
2013,104,MMR,0.538,14.71
2014,104,MMR,0.548,19.5
2015,104,MMR,0.557,18.74
2016,104,MMR,0.567,12.91
2017,104,MMR,0.58,25.78
2018,104,MMR,0.595,21.19
2019,104,MMR,0.608,19.43
2020,104,MMR,0.615,21.89
2013,499,MNE,0.819,0.05
2014,499,MNE,0.822,0.01
2015,499,MNE,0.827,0.02
2016,499,MNE,0.826,0.01
2017,499,MNE,0.833,0.0
2018,499,MNE,0.838,0.01
2019,499,MNE,0.841,0.0
2020,499,MNE,0.832,0.21
2013,496,MNG,0.73,1.02
2014,496,MNG,0.735,0.04
2015,496,MNG,0.739,0.21
2016,496,MNG,0.741,0.11
2017,496,MNG,0.742,0.0
2018,496,MNG,0.754,0.3
2019,496,MNG,0.749,0.2
2020,496,MNG,0.74,0.06
2013,508,MOZ,0.432,0.02
2014,508,MOZ,0.438,0.61
2015,508,MOZ,0.445,0.07
2016,508,MOZ,0.448,0.03
2017,508,MOZ,0.45,0.16
2018,508,MOZ,0.458,0.14
2019,508,MOZ,0.465,0.15
2020,508,MOZ,0.467,0.14
2013,480,MUS,0.779,1.44
2014,480,MUS,0.788,1.51
2015,480,MUS,0.791,0.04
2016,480,MUS,0.794,0.76
2017,480,MUS,0.797,0.14
2018,480,MUS,0.8,0.07
2019,480,MUS,0.806,0.03
2020,480,MUS,0.792,0.02
2013,454,MWI,0.484,0.24
2014,454,MWI,0.493,0.25
2015,454,MWI,0.498,0.16
2016,454,MWI,0.501,0.22
2017,454,MWI,0.506,0.38
2018,454,MWI,0.509,0.46
2019,454,MWI,0.514,0.19
2020,454,MWI,0.512,0.06
2013,458,MYS,0.782,0.48
2014,458,MYS,0.787,0.67
2015,458,MYS,0.792,1.2
2016,458,MYS,0.798,1.0
2017,458,MYS,0.8,0.42
2018,458,MYS,0.802,0.39
2019,458,MYS,0.805,0.39
2020,458,MYS,0.802,0.82
2013,516,NAM,0.61,0.12
2014,516,NAM,0.619,0.11
2015,516,NAM,0.627,0.11
2016,516,NAM,0.631,0.08
2017,516,NAM,0.634,0.02
2018,516,NAM,0.635,0.02
2019,516,NAM,0.638,0.05
2020,516,NAM,0.634,0.06
2013,540,NCL,,0.03
2014,540,NCL,,0.02
2015,540,NCL,,0.21
2013,562,NER,0.358,1.23
2014,562,NER,0.363,1.22
2015,562,NER,0.367,0.97
2016,562,NER,0.372,0.0
2017,562,NER,0.377,0.0
2018,562,NER,0.383,0.0
2019,562,NER,0.39,0.21
2020,562,NER,0.391,0.0
2013,566,NGA,0.504,1.14
2015,566,NGA,0.52,0.0
2016,566,NGA,0.526,0.0
2017,566,NGA,0.528,0.0
2018,566,NGA,0.53,0.0
2019,566,NGA,0.537,0.0
2013,558,NIC,0.631,3.15
2014,558,NIC,0.638,1.6
2015,558,NIC,0.644,0.85
2016,558,NIC,0.65,0.61
2017,558,NIC,0.656,0.45
2018,558,NIC,0.658,0.57
2019,558,NIC,0.661,0.4
2020,558,NIC,0.652,0.31
2013,528,NLD,0.929,44.33
2014,528,NLD,0.931,45.0
2015,528,NLD,0.932,31.51
2016,528,NLD,0.933,28.66
2017,528,NLD,0.936,32.05
2018,528,NLD,0.939,41.03
2019,528,NLD,0.941,40.55
2020,528,NLD,0.938,37.29
2013,579,NOR,0.945,0.11
2014,579,NOR,0.949,0.15
2015,579,NOR,0.952,0.06
2016,579,NOR,0.956,0.16
2017,579,NOR,0.959,0.13
2018,579,NOR,0.96,0.19
2019,579,NOR,0.961,0.19
2020,579,NOR,0.963,0.17
2013,524,NPL,0.563,0.0
2014,524,NPL,0.567,0.01
2015,524,NPL,0.568,0.0
2016,524,NPL,0.574,0.01
2017,524,NPL,0.581,0.01
2018,524,NPL,0.588,0.01
2019,524,NPL,0.598,0.01
2020,524,NPL,0.593,0.0
2013,554,NZL,0.93,5.19
2014,554,NZL,0.931,9.7
2015,554,NZL,0.933,3.1
2016,554,NZL,0.935,4.12
2017,554,NZL,0.935,2.89
2018,554,NZL,0.936,2.71
2019,554,NZL,0.937,3.11
2020,554,NZL,0.935,0.85
2013,512,OMN,0.814,4.04
2014,512,OMN,0.818,1.32
2015,512,OMN,0.824,4.16
2016,512,OMN,0.832,13.22
2017,512,OMN,0.833,1.17
2018,512,OMN,0.838,1.76
2019,512,OMN,0.841,1.81
2020,512,OMN,0.823,2.52
2013,586,PAK,0.51,10.33
2014,586,PAK,0.519,10.32
2015,586,PAK,0.525,8.94
2016,586,PAK,0.533,7.8
2017,586,PAK,0.534,7.84
2018,586,PAK,0.535,10.25
2019,586,PAK,0.537,10.26
2020,586,PAK,0.536,9.01
2013,591,PAN,0.794,0.1
2014,591,PAN,0.797,0.04
2015,591,PAN,0.802,0.03
2016,591,PAN,0.809,0.12
2017,591,PAN,0.814,1.23
2018,591,PAN,0.817,0.52
2019,591,PAN,0.82,0.08
2020,591,PAN,0.809,0.24
2013,604,PER,0.749,4.97
2014,604,PER,0.754,7.34
2015,604,PER,0.758,5.47
2016,604,PER,0.764,4.21
2017,604,PER,0.765,4.63
2018,604,PER,0.77,4.76
2019,604,PER,0.774,5.7
2020,604,PER,0.758,5.51
2013,608,PHL,0.689,0.06
2014,608,PHL,0.693,0.06
2015,608,PHL,0.696,0.06
2016,608,PHL,0.696,0.01
2017,608,PHL,0.7,0.02
2018,608,PHL,0.706,0.01
2019,608,PHL,0.714,0.02
2020,608,PHL,0.705,0.05
2014,585,PLW,0.777,0.0
2019,598,PNG,0.562,0.0
2020,598,PNG,0.567,0.01
2013,616,POL,0.865,29.28
2014,616,POL,0.867,35.12
2015,616,POL,0.869,33.23
2016,616,POL,0.872,30.64
2017,616,POL,0.874,24.95
2018,616,POL,0.876,25.3
2019,616,POL,0.88,24.25
2020,616,POL,0.874,52.01
2013,620,PRT,0.842,3.52
2014,620,PRT,0.847,8.67
2015,620,PRT,0.85,5.21
2016,620,PRT,0.851,6.84
2017,620,PRT,0.857,7.98
2018,620,PRT,0.858,13.35
2019,620,PRT,0.864,10.43
2020,620,PRT,0.861,9.49
2013,600,PRY,0.729,129.75
2014,600,PRY,0.731,101.27
2015,600,PRY,0.738,118.12
2016,600,PRY,0.736,109.42
2017,600,PRY,0.739,78.75
2018,600,PRY,0.742,81.89
2019,600,PRY,0.746,109.05
2020,600,PRY,0.742,102.89
2013,275,PSE,0.704,2.7
2014,275,PSE,0.698,2.45
2015,275,PSE,0.71,1.57
2016,275,PSE,0.715,1.99
2017,275,PSE,0.718,1.36
2018,275,PSE,0.722,1.21
2019,275,PSE,0.739,0.81
2020,275,PSE,0.715,0.88
2016,258,PYF,,0.0
2019,258,PYF,,0.79
2013,634,QAT,0.852,0.52
2014,634,QAT,0.85,0.48
2015,634,QAT,0.852,0.17
2016,634,QAT,0.853,0.19
2017,634,QAT,0.862,0.14
2018,634,QAT,0.866,0.12
2019,634,QAT,0.869,0.03
2020,634,QAT,0.863,0.19
2013,642,ROU,0.811,132.66
2014,642,ROU,0.811,132.54
2015,642,ROU,0.813,112.33
2016,642,ROU,0.815,118.09
2017,642,ROU,0.823,114.72
2018,642,ROU,0.829,130.87
2019,642,ROU,0.834,149.57
2020,642,ROU,0.828,126.99
2013,643,RUS,0.816,33.05
2014,643,RUS,0.818,49.13
2015,643,RUS,0.823,39.08
2016,643,RUS,0.826,38.67
2017,643,RUS,0.827,51.56
2018,643,RUS,0.836,71.92
2019,643,RUS,0.839,54.51
2020,643,RUS,0.826,64.31
2013,646,RWA,0.502,1.35
2014,646,RWA,0.507,1.33
2015,646,RWA,0.509,1.69
2016,646,RWA,0.518,2.2
2017,646,RWA,0.52,2.62
2018,646,RWA,0.522,2.62
2019,646,RWA,0.531,2.53
2020,646,RWA,0.535,2.62
2013,682,SAU,0.831,0.56
2014,682,SAU,0.836,0.39
2015,682,SAU,0.842,0.35
2016,682,SAU,0.846,0.33
2017,682,SAU,0.849,0.55
2018,682,SAU,0.856,0.4
2019,682,SAU,0.862,0.27
2020,682,SAU,0.861,0.17
2013,729,SDN,0.503,0.2
2014,729,SDN,0.511,0.15
2015,729,SDN,0.514,0.0
2016,729,SDN,0.517,0.74
2017,729,SDN,0.52,2.64
2018,729,SDN,0.52,0.63
2013,686,SEN,0.497,2.88
2014,686,SEN,0.501,2.94
2015,686,SEN,0.501,2.62
2016,686,SEN,0.51,3.08
2017,686,SEN,0.511,2.08
2018,686,SEN,0.515,2.92
2019,686,SEN,0.514,3.23
2020,686,SEN,0.514,1.57
2013,702,SGP,0.93,13.04
2014,702,SGP,0.932,15.54
2015,702,SGP,0.935,11.5
2016,702,SGP,0.937,6.78
2017,702,SGP,0.938,6.99
2018,702,SGP,0.942,4.45
2019,702,SGP,0.945,6.59
2020,702,SGP,0.942,8.35
2013,90,SLB,0.563,0.17
2014,90,SLB,0.562,0.25
2015,90,SLB,0.562,0.03
2016,90,SLB,0.564,0.02
2017,90,SLB,0.566,0.8
2014,694,SLE,0.447,0.0
2015,694,SLE,0.438,0.01
2016,694,SLE,0.446,0.0
2017,694,SLE,0.448,0.0
2018,694,SLE,0.454,0.0
2013,222,SLV,0.664,2.75
2014,222,SLV,0.663,1.69
2015,222,SLV,0.663,4.01
2016,222,SLV,0.664,1.39
2017,222,SLV,0.667,0.3
2018,222,SLV,0.673,0.35
2019,222,SLV,0.676,0.51
2020,222,SLV,0.666,0.4
2013,688,SRB,0.785,67.93
2014,688,SRB,0.787,84.84
2015,688,SRB,0.794,68.56
2016,688,SRB,0.8,72.62
2017,688,SRB,0.802,54.87
2018,688,SRB,0.808,70.61
2019,688,SRB,0.812,90.5
2020,688,SRB,0.806,114.54
2014,678,STP,0.584,1.01
2015,678,STP,0.595,0.0
2013,740,SUR,0.7,69.7
2014,740,SUR,0.701,89.8
2015,740,SUR,0.707,17.77
2016,740,SUR,0.709,28.62
2017,740,SUR,0.71,51.14
2018,740,SUR,0.714,28.62
2019,740,SUR,0.71,38.03
2020,740,SUR,0.702,44.77
2013,703,SVK,0.849,63.57
2014,703,SVK,0.851,70.75
2015,703,SVK,0.852,69.71
2016,703,SVK,0.855,71.4
2017,703,SVK,0.857,70.77
2018,703,SVK,0.86,60.58
2019,703,SVK,0.863,58.82
2020,703,SVK,0.86,84.8
2013,705,SVN,0.901,21.81
2014,705,SVN,0.903,17.68
2015,705,SVN,0.903,19.08
2016,705,SVN,0.909,18.66
2017,705,SVN,0.912,28.26
2018,705,SVN,0.916,29.54
2019,705,SVN,0.918,32.91
2020,705,SVN,0.91,38.59
2013,752,SWE,0.932,27.16
2014,752,SWE,0.935,44.34
2015,752,SWE,0.937,41.26
2016,752,SWE,0.939,34.6
2017,752,SWE,0.941,29.65
2018,752,SWE,0.943,20.7
2019,752,SWE,0.947,22.18
2020,752,SWE,0.944,38.2
2013,748,SWZ,0.546,0.61
2014,748,SWZ,0.56,0.56
2015,748,SWZ,0.577,0.2
2016,748,SWZ,0.59,0.32
2017,748,SWZ,0.601,0.34
2018,748,SWZ,0.613,0.26
2019,748,SWZ,0.623,0.23
2020,748,SWZ,0.622,0.06
2015,690,SYC,0.797,0.13
2016,690,SYC,0.798,0.08
2017,690,SYC,0.798,0.06
2018,690,SYC,0.804,0.0
2020,690,SYC,0.799,0.27
2013,768,TGO,0.495,0.03
2014,768,TGO,0.502,0.19
2015,768,TGO,0.51,0.05
2016,768,TGO,0.515,0.01
2017,768,TGO,0.522,0.06
2018,768,TGO,0.528,0.01
2019,768,TGO,0.536,0.03
2020,768,TGO,0.54,0.05
2013,764,THA,0.754,66.23
2014,764,THA,0.785,81.6
2015,764,THA,0.789,66.8
2016,764,THA,0.793,65.05
2017,764,THA,0.795,75.61
2018,764,THA,0.796,80.53
2019,764,THA,0.801,59.91
2020,764,THA,0.8,53.17
2016,762,TJK,0.655,0.02
2017,762,TJK,0.659,0.01
2018,762,TJK,0.664,0.01
2019,762,TJK,0.668,0.01
2020,762,TJK,0.656,0.01
2017,626,TLS,0.614,0.0
2018,626,TLS,0.616,0.0
2013,776,TON,0.719,0.0
2013,780,TTO,0.801,0.92
2014,780,TTO,0.806,0.77
2015,780,TTO,0.812,1.23
2016,780,TTO,0.81,2.36
2017,780,TTO,0.811,1.3
2018,780,TTO,0.809,0.85
2019,780,TTO,0.813,0.48
2020,780,TTO,0.815,1.78
2013,788,TUN,0.719,0.0
2014,788,TUN,0.721,0.33
2015,788,TUN,0.724,0.61
2016,788,TUN,0.728,0.08
2017,788,TUN,0.732,0.02
2018,788,TUN,0.737,0.25
2019,788,TUN,0.74,0.02
2020,788,TUN,0.734,0.01
2013,792,TUR,0.802,4.21
2014,792,TUR,0.812,4.06
2015,792,TUR,0.821,4.53
2016,792,TUR,0.826,5.76
2017,792,TUR,0.833,5.61
2018,792,TUR,0.838,4.67
2019,792,TUR,0.842,4.18
2020,792,TUR,0.835,3.48
2013,834,TZA,0.504,0.83
2014,834,TZA,0.506,2.9
2015,834,TZA,0.507,0.6
2016,834,TZA,0.509,0.43
2017,834,TZA,0.517,0.49
2018,834,TZA,0.525,1.28
2019,834,TZA,0.533,1.36
2020,834,TZA,0.535,2.85
2013,800,UGA,0.511,2.6
2014,800,UGA,0.518,2.66
2015,800,UGA,0.525,3.79
2016,800,UGA,0.531,3.72
2017,800,UGA,0.534,4.56
2018,800,UGA,0.539,4.62
2019,800,UGA,0.544,2.79
2020,800,UGA,0.545,2.3
2013,804,UKR,0.774,138.13
2014,804,UKR,0.774,142.35
2015,804,UKR,0.764,132.3
2016,804,UKR,0.767,133.15
2017,804,UKR,0.771,143.1
2018,804,UKR,0.771,160.16
2019,804,UKR,0.774,214.28
2020,804,UKR,0.762,210.78
2013,858,URY,0.802,266.96
2014,858,URY,0.805,258.23
2015,858,URY,0.807,149.85
2016,858,URY,0.811,160.74
2017,858,URY,0.815,155.6
2018,858,URY,0.815,120.53
2019,858,URY,0.818,135.31
2020,858,URY,0.82,164.39
2013,842,USA,0.922,64.1
2014,842,USA,0.923,71.57
2015,842,USA,0.924,58.42
2016,842,USA,0.926,58.39
2017,842,USA,0.928,56.93
2018,842,USA,0.93,64.01
2019,842,USA,0.933,51.12
2020,842,USA,0.923,58.34
2017,860,UZB,0.714,1.67
2018,860,UZB,0.719,0.64
2019,860,UZB,0.725,0.82
2020,860,UZB,0.716,0.48
2013,670,VCT,0.766,34.17
2014,670,VCT,0.772,30.49
2015,670,VCT,0.777,27.87
2016,670,VCT,0.783,23.0
2017,670,VCT,0.789,22.33
2018,670,VCT,0.793,14.96
2019,670,VCT,0.789,5.17
2020,670,VCT,0.785,1.63
2013,862,VEN,0.771,0.0
2013,704,VNM,0.689,32.45
2014,704,VNM,0.693,32.38
2015,704,VNM,0.697,30.43
2016,704,VNM,0.702,23.2
2017,704,VNM,0.706,27.98
2018,704,VNM,0.711,27.83
2019,704,VNM,0.717,25.71
2020,704,VNM,0.726,29.88
2013,882,WSM,0.704,0.3
2014,882,WSM,0.707,0.08
2017,882,WSM,0.714,0.13
2018,882,WSM,0.713,0.27
2019,882,WSM,0.712,0.19
2013,887,YEM,0.496,0.14
2014,887,YEM,0.485,0.26
2015,887,YEM,0.455,0.57
2018,887,YEM,0.427,0.08
2019,887,YEM,0.43,0.0
2013,710,ZAF,0.705,17.21
2014,710,ZAF,0.714,14.46
2015,710,ZAF,0.721,6.85
2016,710,ZAF,0.711,7.76
2017,710,ZAF,0.725,10.09
2018,710,ZAF,0.731,9.48
2019,710,ZAF,0.741,6.72
2020,710,ZAF,0.722,11.62
2013,894,ZMB,0.554,10.5
2014,894,ZMB,0.557,4.92
2015,894,ZMB,0.563,13.4
2016,894,ZMB,0.564,11.31
2017,894,ZMB,0.568,5.78
2018,894,ZMB,0.571,2.57
2019,894,ZMB,0.574,2.12
2020,894,ZMB,0.569,2.24
2013,716,ZWE,0.532,0.15
2014,716,ZWE,0.539,0.09
2015,716,ZWE,0.544,0.13
2016,716,ZWE,0.547,0.15
2017,716,ZWE,0.552,0.69
2018,716,ZWE,0.564,0.22
2019,716,ZWE,0.56,0.23
2020,716,ZWE,0.554,0.55
